,2A_str29,balamutitel,balamutit,NO_PARENT_IN_DERINET
,2A_str29,čitatel,čítat,NO_PARENT_IN_DERINET
,2A_str29,dokazovatel,dokazovat,NO_PARENT_IN_DERINET
,2A_str29,doplňovatel,doplňovat,NO_PARENT_IN_DERINET
-,2A_str29,exředitel,řídit,NO_PARENT_IN_DERINET
,2A_str29,horlitel,horlit,NO_PARENT_IN_DERINET
,2A_str29,hotovitel,hotovit,NO_PARENT_IN_DERINET
,2A_str29,hromaditel,hromadit,NO_PARENT_IN_DERINET
,2A_str29,kazitel,kazit,NO_PARENT_IN_DERINET
,2A_str29,majitel,mít,NO_PARENT_IN_DERINET
-,2A_str29,makroukazatel,ukázat,NO_PARENT_IN_DERINET
-,2A_str29,malospotřebitel,spotřebovat,NO_PARENT_IN_DERINET
,2A_str29,mařitel,mařit,NO_PARENT_IN_DERINET
,2A_str29,měnitel,měnit,NO_PARENT_IN_DERINET
-,2A_str29,mezizasílatel,zasílat,NO_PARENT_IN_DERINET
-,2A_str29,místodržitel,držet,NO_PARENT_IN_DERINET
-,2A_str29,místoředitel,řídit,NO_PARENT_IN_DERINET
-,2A_str29,nadučitel,učit,NO_PARENT_IN_DERINET
,2A_str29,nakladatel,nakládat,NO_PARENT_IN_DERINET
,2A_str29,naplnitel,naplnit,NO_PARENT_IN_DERINET
,2A_str29,naplňovatel,naplňovat,NO_PARENT_IN_DERINET
,2A_str29,napravovatel,napravovat,NO_PARENT_IN_DERINET
,2A_str29,naslouchatel,naslouchat,NO_PARENT_IN_DERINET
-,2A_str29,nepodnikatel,podnikat,NO_PARENT_IN_DERINET
-,2A_str29,nepřítel,přát,NO_PARENT_IN_DERINET
,2A_str29,objevovatel,objevovat,NO_PARENT_IN_DERINET
,2A_str29,obtěžovatel,obtěžovat,NO_PARENT_IN_DERINET
,2A_str29,odčitatel,odčítat,NO_PARENT_IN_DERINET
,2A_str29,odložitel,odložit,NO_PARENT_IN_DERINET
,2A_str29,omezovatel,omezovat,NO_PARENT_IN_DERINET
,2A_str29,opěvovatel,opěvovat,NO_PARENT_IN_DERINET
,2A_str29,oprašovatel,oprašovat,NO_PARENT_IN_DERINET
,2A_str29,oslavovatel,oslavovat,NO_PARENT_IN_DERINET
,2A_str29,oslňovatel,oslňovat,NO_PARENT_IN_DERINET
,2A_str29,osočovatel,osočovat,NO_PARENT_IN_DERINET
,2A_str29,ospravedlňovatel,ospravedlňovat,NO_PARENT_IN_DERINET
,2A_str29,ozdravovatel,ozdravovat,NO_PARENT_IN_DERINET
,2A_str29,ozvláštňovatel,ozvláštňovat,NO_PARENT_IN_DERINET
,2A_str29,pábitel,pábit,NO_PARENT_IN_DERINET
,2A_str29,pisatel,psát,NO_PARENT_IN_DERINET
-,2A_str29,pobádatel,bádat,NO_PARENT_IN_DERINET
-,2A_str29,poddodavatel,dodávat,NO_PARENT_IN_DERINET
-,2A_str29,podučitel,učit,NO_PARENT_IN_DERINET
-,2A_str29,podvelitel,velet,NO_PARENT_IN_DERINET
,2A_str29,ponižovatel,ponižovat,NO_PARENT_IN_DERINET
,2A_str29,porobitel,porobit,NO_PARENT_IN_DERINET
,2A_str29,poškozovatel,poškozovat,NO_PARENT_IN_DERINET
,2A_str29,potvrzovatel,potvrzovat,NO_PARENT_IN_DERINET
,2A_str29,poučovatel,poučovat,NO_PARENT_IN_DERINET
,2A_str29,poukazatel,poukázat,NO_PARENT_IN_DERINET
,2A_str29,pozlatitel,pozlatit,NO_PARENT_IN_DERINET
,2A_str29,poznavatel,poznávat,NO_PARENT_IN_DERINET
,2A_str29,překonavatel,překonávat,NO_PARENT_IN_DERINET
,2A_str29,překračovatel,překračovat,NO_PARENT_IN_DERINET
,2A_str29,převychovatel,převychovat,NO_PARENT_IN_DERINET
,2A_str29,převypravovatel,převypravovat,NO_PARENT_IN_DERINET
,2A_str29,přislíbitel,přislíbit,NO_PARENT_IN_DERINET
,2A_str29,prověřovatel,prověřovat,NO_PARENT_IN_DERINET
-,2A_str29,prvočinitel,činit,NO_PARENT_IN_DERINET
-,2A_str29,prvonabyvatel,nabývat,NO_PARENT_IN_DERINET
,2A_str29,půjčitel,půjčit,NO_PARENT_IN_DERINET
,2A_str29,razitel,razit,NO_PARENT_IN_DERINET
,2A_str29,roditel,rodit,NO_PARENT_IN_DERINET
,2A_str29,rozdrobitel,rozdrobit,NO_PARENT_IN_DERINET
,2A_str29,rozjasňovatel,rozjasňovat,NO_PARENT_IN_DERINET
,2A_str29,rozmnožitel,rozmnožit,NO_PARENT_IN_DERINET
,2A_str29,rozmnožovatel,rozmnožovat,NO_PARENT_IN_DERINET
-,2A_str29,samoživitel,živit,NO_PARENT_IN_DERINET
,2A_str29,sepisovatel,sepisovat,NO_PARENT_IN_DERINET
,2A_str29,shromažditel,shromáždit,NO_PARENT_IN_DERINET
,2A_str29,sjednavatel,sjednávat,NO_PARENT_IN_DERINET
,2A_str29,složitel,složit,NO_PARENT_IN_DERINET
-,2A_str29,součinitel,činit,NO_PARENT_IN_DERINET
,2A_str29,špinitel,špinit,NO_PARENT_IN_DERINET
,2A_str29,splnitel,splnit,NO_PARENT_IN_DERINET
,2A_str29,splňovatel,splňovat,NO_PARENT_IN_DERINET
-,2A_str29,spolubydlitel,bydlet,NO_PARENT_IN_DERINET
-,2A_str29,spolumajitel,mít,NO_PARENT_IN_DERINET
-,2A_str29,spolunabyvatel,nabývat,NO_PARENT_IN_DERINET
-,2A_str29,spoluobjevitel,objevit,NO_PARENT_IN_DERINET
-,2A_str29,spoluobyvatel,obývat,NO_PARENT_IN_DERINET
-,2A_str29,spolupachatel,páchat,NO_PARENT_IN_DERINET
-,2A_str29,spolupodnikatel,podnikat,NO_PARENT_IN_DERINET
-,2A_str29,spolupřekladatel,překládat,NO_PARENT_IN_DERINET
-,2A_str29,spolupřihlašovatel,přihlašovat,NO_PARENT_IN_DERINET
-,2A_str29,spoluprovozovatel,provozovat,NO_PARENT_IN_DERINET
-,2A_str29,spoluředitel,řídit,NO_PARENT_IN_DERINET
-,2A_str29,spoluřešitel,řešit,NO_PARENT_IN_DERINET
-,2A_str29,spoluručitel,ručit,NO_PARENT_IN_DERINET
-,2A_str29,spoluuživatel,užívat,NO_PARENT_IN_DERINET
-,2A_str29,spoluvelitel,velet,NO_PARENT_IN_DERINET
-,2A_str29,spoluvěřitel,věřit,NO_PARENT_IN_DERINET
-,2A_str29,spoluvydavatel,vydávat,NO_PARENT_IN_DERINET
-,2A_str29,spoluzakladatel,zakládat,NO_PARENT_IN_DERINET
,2A_str29,spotřebitel,spotřebovat,NO_PARENT_IN_DERINET
,2A_str29,spravovatel,spravovat,NO_PARENT_IN_DERINET
,2A_str29,stvrzovatel,stvrzovat,NO_PARENT_IN_DERINET
-,2A_str29,subdodavatel,dodávat,NO_PARENT_IN_DERINET
-,2A_str29,subprovozovatel,provozovat,NO_PARENT_IN_DERINET
-,2A_str29,subvystavovatel,vystavovat,NO_PARENT_IN_DERINET
,2A_str29,světitel,světit,NO_PARENT_IN_DERINET
-,2A_str29,takypodnikatel,podnikat,NO_PARENT_IN_DERINET
,2A_str29,tlumočitel,tlumočit,NO_PARENT_IN_DERINET
,2A_str29,třímatel,třímat,NO_PARENT_IN_DERINET
,2A_str29,ubližovatel,ubližovat,NO_PARENT_IN_DERINET
,2A_str29,umravňovatel,umravňovat,NO_PARENT_IN_DERINET
,2A_str29,umrtvovatel,umrtvovat,NO_PARENT_IN_DERINET
,2A_str29,upíratel,upírat,NO_PARENT_IN_DERINET
,2A_str29,uspokojovatel,uspokojovat,NO_PARENT_IN_DERINET
,2A_str29,ustavitel,ustavit,NO_PARENT_IN_DERINET
,2A_str29,uzbrojitel,zbrojit,NO_PARENT_IN_DERINET
,2A_str29,velebitel,velebit,NO_PARENT_IN_DERINET
-,2A_str29,velepodnikatel,podnikat,NO_PARENT_IN_DERINET
-,2A_str29,velkochovatel,chovat,NO_PARENT_IN_DERINET
-,2A_str29,velkododavatel,dodávat,NO_PARENT_IN_DERINET
-,2A_str29,velkonakladatel,nakládat,NO_PARENT_IN_DERINET
-,2A_str29,velkoodběratel,odbírat,NO_PARENT_IN_DERINET
-,2A_str29,velkospotřebitel,spotřebovat,NO_PARENT_IN_DERINET
,2A_str29,vyčíslitel,vyčíslit,NO_PARENT_IN_DERINET
,2A_str29,vydatel,vydat,NO_PARENT_IN_DERINET
,2A_str29,vydržovatel,vydržovat,NO_PARENT_IN_DERINET
,2A_str29,vyhotovitel,vyhotovit,NO_PARENT_IN_DERINET
,2A_str29,vyjadřovatel,vyjadřovat,NO_PARENT_IN_DERINET
,2A_str29,vylepšovatel,vylepšovat,NO_PARENT_IN_DERINET
,2A_str29,vylučovatel,vylučovat,NO_PARENT_IN_DERINET
,2A_str29,vymýšlitel,vymýšlet,NO_PARENT_IN_DERINET
,2A_str29,vypisovatel,vypisovat,NO_PARENT_IN_DERINET
,2A_str29,vypravitel,vypravit,NO_PARENT_IN_DERINET
,2A_str29,vypravovatel,vypravovat,NO_PARENT_IN_DERINET
,2A_str29,vystřidatel,vystřídat,NO_PARENT_IN_DERINET
,2A_str29,vytyčovatel,vytyčovat,NO_PARENT_IN_DERINET
,2A_str29,vyvažovatel,vyvažovat,NO_PARENT_IN_DERINET
,2A_str29,vzbuditel,vzbudit,NO_PARENT_IN_DERINET
,2A_str29,zadavatel,zadávat,NO_PARENT_IN_DERINET
,2A_str29,zadržovatel,zadržovat,NO_PARENT_IN_DERINET
,2A_str29,zahajovatel,zahajovat,NO_PARENT_IN_DERINET
,2A_str29,zakazovatel,zakazovat,NO_PARENT_IN_DERINET
,2A_str29,zakladatel,zakládat,NO_PARENT_IN_DERINET
,2A_str29,zaměstnavatel,zaměstnávat,NO_PARENT_IN_DERINET
,2A_str29,zanedbatel,zanedbat,NO_PARENT_IN_DERINET
,2A_str29,zařaditel,zařadit,NO_PARENT_IN_DERINET
,2A_str29,zastavitel,zastavit,NO_PARENT_IN_DERINET
,2A_str29,zcizovatel,zcizovat,NO_PARENT_IN_DERINET
,2A_str29,zdůvodňovatel,zdůvodňovat,NO_PARENT_IN_DERINET
,2A_str29,zhodnotitel,zhodnotit,NO_PARENT_IN_DERINET
,2A_str29,zhudebňovatel,zhudebňovat,NO_PARENT_IN_DERINET
,2A_str29,zjednodušovatel,zjednodušovat,NO_PARENT_IN_DERINET
,2A_str29,znemravňovatel,znemravňovat,NO_PARENT_IN_DERINET
-,2A_str29,znovuobjevitel,objevit,NO_PARENT_IN_DERINET
,2A_str29,zploditel,zplodit,NO_PARENT_IN_DERINET
,2A_str29,ztělesňovatel,ztělesňovat,NO_PARENT_IN_DERINET
,2A_str29,zvelebitel,zvelebit,NO_PARENT_IN_DERINET
,2A_str29,zvelebovatel,zvelebovat,NO_PARENT_IN_DERINET
,2A_str29,zveřejňovatel,zveřejňovat,NO_PARENT_IN_DERINET
-,2B_str38,autopřehrávač,přehrávat,NO_PARENT_IN_DERINET
-,2B_str38,bacilonosič,nosit,NO_PARENT_IN_DERINET
,2B_str38,bdíč,bdít,NO_PARENT_IN_DERINET
-,2B_str38,bít,bít,NO_PARENT_IN_DERINET
,2B_str38,bořič,bořit,NO_PARENT_IN_DERINET
,2B_str38,brázdič,brázdit,NO_PARENT_IN_DERINET
,2B_str38,buřič,bouřit,NO_PARENT_IN_DERINET
-,2B_str38,časoměřič,měřit,NO_PARENT_IN_DERINET
,2B_str38,čerpač,čerpat,NO_PARENT_IN_DERINET
,2B_str38,cvakač,cvakat,NO_PARENT_IN_DERINET
,2B_str38,davič,dávit,NO_PARENT_IN_DERINET
,2B_str38,dávič,dávit,NO_PARENT_IN_DERINET
,2B_str38,dírkovač,dírkovat,NO_PARENT_IN_DERINET
,2B_str38,dlabač,dlabat,NO_PARENT_IN_DERINET
,2B_str38,dobíječ,dobíjet,NO_PARENT_IN_DERINET
,2B_str38,dochlazovač,dochlazovat,NO_PARENT_IN_DERINET
,2B_str38,domíchávač,domíchávat,NO_PARENT_IN_DERINET
,2B_str38,doprovázeč,doprovázet,NO_PARENT_IN_DERINET
-,2B_str38,dvouvařič,vařit,NO_PARENT_IN_DERINET
-,2B_str38,elektrorozvaděč,rozvádět,NO_PARENT_IN_DERINET
-,2B_str38,elektrospotřebič,upotřebit,NO_PARENT_IN_DERINET
-,2B_str38,fotonásobič,násobit,NO_PARENT_IN_DERINET
,2B_str38,hlubič,hloubit,NO_PARENT_IN_DERINET
,2B_str38,hnětač,hníst,NO_PARENT_IN_DERINET
,2B_str38,hrozič,hrozit,NO_PARENT_IN_DERINET
,2B_str38,hyzdič,hyzdit,NO_PARENT_IN_DERINET
-,2B_str38,infrazářič,zářit,NO_PARENT_IN_DERINET
-,2B_str38,iontoměnič,měnit,NO_PARENT_IN_DERINET
,2B_str38,jádrovač,jádrovat,NO_PARENT_IN_DERINET
-,2B_str38,kamenolamač,lámat,NO_PARENT_IN_DERINET
,2B_str38,kladeč,klást,NO_PARENT_IN_DERINET
,2B_str38,klepáč,klepat,NO_PARENT_IN_DERINET
-,2B_str38,knihvazač,vázat,NO_PARENT_IN_DERINET
,2B_str38,krouhač,krouhat,NO_PARENT_IN_DERINET
,2B_str38,kulič,kulit,NO_PARENT_IN_DERINET
,2B_str38,kývač,kývat,NO_PARENT_IN_DERINET
-,2B_str38,minipočítač,počítat,NO_PARENT_IN_DERINET
,2B_str38,mleč,mlít,NO_PARENT_IN_DERINET
,2B_str38,nabírač,nabírat,NO_PARENT_IN_DERINET
,2B_str38,nabízeč,nabízet,NO_PARENT_IN_DERINET
,2B_str38,nabourávač,nabourávat,NO_PARENT_IN_DERINET
,2B_str38,nakupovač,nakupovat,NO_PARENT_IN_DERINET
,2B_str38,napaječ,napájet,NO_PARENT_IN_DERINET
,2B_str38,napomahač,napomáhat,NO_PARENT_IN_DERINET
,2B_str38,napomínač,napomínat,NO_PARENT_IN_DERINET
,2B_str38,naříkač,naříkat,NO_PARENT_IN_DERINET
,2B_str38,navlékač,navlékat,NO_PARENT_IN_DERINET
,2B_str38,normovač,normovat,NO_PARENT_IN_DERINET
,2B_str38,nýtovač,nýtovat,NO_PARENT_IN_DERINET
,2B_str38,obkládač,obkládat,NO_PARENT_IN_DERINET
,2B_str38,odlakovač,odlakovat,NO_PARENT_IN_DERINET
,2B_str38,odlehčovač,odlehčovat,NO_PARENT_IN_DERINET
,2B_str38,odlévač,odlévat,NO_PARENT_IN_DERINET
,2B_str38,odmlžovač,odmlžovat,NO_PARENT_IN_DERINET
,2B_str38,odnašeč,odnášet,NO_PARENT_IN_DERINET
,2B_str38,odnášeč,odnášet,NO_PARENT_IN_DERINET
,2B_str38,odpeckovávač,odpeckovávat,NO_PARENT_IN_DERINET
,2B_str38,odpírač,odpírat,NO_PARENT_IN_DERINET
,2B_str38,odpopílkovač,odpopílkovat,NO_PARENT_IN_DERINET
,2B_str38,odrezovač,odrezovat,NO_PARENT_IN_DERINET
,2B_str38,odvaděč,odvádět,NO_PARENT_IN_DERINET
,2B_str38,odvlhčovač,odvlhčovat,NO_PARENT_IN_DERINET
,2B_str38,okopávač,okopávat,NO_PARENT_IN_DERINET
,2B_str38,okouněč,okounět,NO_PARENT_IN_DERINET
,2B_str38,omítač,omítat,NO_PARENT_IN_DERINET
,2B_str38,omývač,omývat,NO_PARENT_IN_DERINET
,2B_str38,ostouzeč,ostouzet,NO_PARENT_IN_DERINET
,2B_str38,pařič,pařit,NO_PARENT_IN_DERINET
,2B_str38,plašič,plašit,NO_PARENT_IN_DERINET
,2B_str38,platič,platit,NO_PARENT_IN_DERINET
,2B_str38,plenič,plenit,NO_PARENT_IN_DERINET
-,2B_str38,plynospotřebič,upotřebit,NO_PARENT_IN_DERINET
,2B_str38,pobuřovač,pobuřovat,NO_PARENT_IN_DERINET
-,2B_str38,podlézat,podlízat,NO_PARENT_IN_DERINET
,2B_str38,podrývač,podrývat,NO_PARENT_IN_DERINET
,2B_str38,pohrabovač,pohrabovat,NO_PARENT_IN_DERINET
,2B_str38,poklepávač,poklepávat,NO_PARENT_IN_DERINET
-,2B_str38,polovodič,vodit,NO_PARENT_IN_DERINET
,2B_str38,ponoukač,ponoukat,NO_PARENT_IN_DERINET
,2B_str38,popíječ,popíjet,NO_PARENT_IN_DERINET
,2B_str38,popouzeč,popouzet,NO_PARENT_IN_DERINET
,2B_str38,pořizovač,pořizovat,NO_PARENT_IN_DERINET
,2B_str38,postřihač,postříhat,NO_PARENT_IN_DERINET
,2B_str38,povalovač,povalovat,NO_PARENT_IN_DERINET
,2B_str38,povolovač,povolovat,NO_PARENT_IN_DERINET
,2B_str38,požívač,požívat,NO_PARENT_IN_DERINET
,2B_str38,přednašeč,přednášet,NO_PARENT_IN_DERINET
,2B_str38,přednášeč,přednášet,NO_PARENT_IN_DERINET
-,2B_str38,předzesilovač,zesilovat,NO_PARENT_IN_DERINET
,2B_str38,přejímač,přejímat,NO_PARENT_IN_DERINET
,2B_str38,přepojovač,přepojovat,NO_PARENT_IN_DERINET
,2B_str38,přerozdělovač,přerozdělovat,NO_PARENT_IN_DERINET
,2B_str38,převaděč,převádět,NO_PARENT_IN_DERINET
,2B_str38,přidržovač,přidržovat,NO_PARENT_IN_DERINET
,2B_str38,přihlížeč,přihlížet,NO_PARENT_IN_DERINET
,2B_str38,přihrávač,přihrávat,NO_PARENT_IN_DERINET
,2B_str38,přivaděč,přivádět,NO_PARENT_IN_DERINET
,2B_str38,přiváděč,přivádět,NO_PARENT_IN_DERINET
-,2B_str38,radiopřijímač,přijímat,NO_PARENT_IN_DERINET
,2B_str38,řádkovač,řádkovat,NO_PARENT_IN_DERINET
-,2B_str38,ranhojič,hojit,NO_PARENT_IN_DERINET
,2B_str38,rdousič,rdousit,NO_PARENT_IN_DERINET
,2B_str38,ředič,ředit,NO_PARENT_IN_DERINET
,2B_str38,řehtáč,řehtat,NO_PARENT_IN_DERINET
,2B_str38,rejdič,rejdit,NO_PARENT_IN_DERINET
,2B_str38,rovnač,rovnat,NO_PARENT_IN_DERINET
,2B_str38,rozbočovač,rozbočovat,NO_PARENT_IN_DERINET
,2B_str38,rozdávač,rozdávat,NO_PARENT_IN_DERINET
,2B_str38,rozdružovač,rozdružovat,NO_PARENT_IN_DERINET
,2B_str38,rozhoupávač,rozhoupávat,NO_PARENT_IN_DERINET
,2B_str38,rozkradač,rozkrádat,NO_PARENT_IN_DERINET
,2B_str38,rozkrádač,rozkrádat,NO_PARENT_IN_DERINET
,2B_str38,rozvaděč,rozvádět,NO_PARENT_IN_DERINET
,2B_str38,řváč,řvát,NO_PARENT_IN_DERINET
-,2B_str38,rychloupínač,upínat,NO_PARENT_IN_DERINET
-,2B_str38,rychlovazač,vázat,NO_PARENT_IN_DERINET
-,2B_str38,samonakládač,nakládat,NO_PARENT_IN_DERINET
-,2B_str38,samovazač,vázat,NO_PARENT_IN_DERINET
-,2B_str38,sebemrskač,mrskat,NO_PARENT_IN_DERINET
-,2B_str38,sebepochybovač,pochybovat,NO_PARENT_IN_DERINET
-,2B_str38,šéfkreslič,kreslit,NO_PARENT_IN_DERINET
,2B_str38,sestřelovač,sestřelovat,NO_PARENT_IN_DERINET
,2B_str38,sháněč,shánět,NO_PARENT_IN_DERINET
,2B_str38,shrabovač,shrabovat,NO_PARENT_IN_DERINET
,2B_str38,shromažďovač,shromažďovat,NO_PARENT_IN_DERINET
,2B_str38,silič,sílit,NO_PARENT_IN_DERINET
,2B_str38,škodič,škodit,NO_PARENT_IN_DERINET
,2B_str38,šlapač,šlapat,NO_PARENT_IN_DERINET
-,2B_str38,spoluspáč,spát,NO_PARENT_IN_DERINET
-,2B_str38,spoluuchazeč,ucházet,NO_PARENT_IN_DERINET
,2B_str38,spotřebič,upotřebit,NO_PARENT_IN_DERINET
-,2B_str38,stereopřehrávač,přehrávat,NO_PARENT_IN_DERINET
-,2B_str38,stopovládač,ovládat,NO_PARENT_IN_DERINET
,2B_str38,stříkač,stříkat,NO_PARENT_IN_DERINET
-,2B_str38,supravodič,vodit,NO_PARENT_IN_DERINET
,2B_str38,svodič,svádět,NO_PARENT_IN_DERINET
,2B_str38,tepač,tepat,NO_PARENT_IN_DERINET
,2B_str38,tónovač,tónovat,NO_PARENT_IN_DERINET
,2B_str38,trubač,troubit,NO_PARENT_IN_DERINET
,2B_str38,ubíječ,ubíjet,NO_PARENT_IN_DERINET
,2B_str38,udíleč,udílet,NO_PARENT_IN_DERINET
,2B_str38,ujídač,ujídat,NO_PARENT_IN_DERINET
,2B_str38,ukazovač,ukazovat,NO_PARENT_IN_DERINET
,2B_str38,ukrývač,ukrývat,NO_PARENT_IN_DERINET
,2B_str38,unášeč,unášet,NO_PARENT_IN_DERINET
,2B_str38,upisovač,upisovat,NO_PARENT_IN_DERINET
,2B_str38,upoutávač,upoutávat,NO_PARENT_IN_DERINET
,2B_str38,usekávač,usekávat,NO_PARENT_IN_DERINET
,2B_str38,utíkač,utíkat,NO_PARENT_IN_DERINET
,2B_str38,utráceč,utrácet,NO_PARENT_IN_DERINET
,2B_str38,utrhač,utrhat,NO_PARENT_IN_DERINET
,2B_str38,uvaděč,uvádět,NO_PARENT_IN_DERINET
,2B_str38,uváděč,uvádět,NO_PARENT_IN_DERINET
,2B_str38,užívač,užívat,NO_PARENT_IN_DERINET
,2B_str38,uzrávač,uzrávat,NO_PARENT_IN_DERINET
,2B_str38,vábič,vábit,NO_PARENT_IN_DERINET
,2B_str38,vadič,vadit,NO_PARENT_IN_DERINET
,2B_str38,vážič,vážit,NO_PARENT_IN_DERINET
-,2B_str38,velkozakládač,zakládat,NO_PARENT_IN_DERINET
-,2B_str38,videonahrávač,nahrávat,NO_PARENT_IN_DERINET
-,2B_str38,videonosič,nosit,NO_PARENT_IN_DERINET
-,2B_str38,videopřehrávač,přehrávat,NO_PARENT_IN_DERINET
,2B_str38,vkladač,vkládat,NO_PARENT_IN_DERINET
-,2B_str38,vlajkonosič,nosit,NO_PARENT_IN_DERINET
,2B_str38,vnímatel,vnímat,NO_PARENT_IN_DERINET
,2B_str38,vnucovač,vnucovat,NO_PARENT_IN_DERINET
,2B_str38,vraždič,vraždit,NO_PARENT_IN_DERINET
,2B_str38,vstřelovač,vstřelovat,NO_PARENT_IN_DERINET
,2B_str38,vybíječ,vybíjet,NO_PARENT_IN_DERINET
,2B_str38,vychutnávač,vychutnávat,NO_PARENT_IN_DERINET
,2B_str38,vychvalovač,vychvalovat,NO_PARENT_IN_DERINET
,2B_str38,vyčkávač,vyčkávat,NO_PARENT_IN_DERINET
,2B_str38,vydavač,vydávat,NO_PARENT_IN_DERINET
,2B_str38,vydávač,vydávat,NO_PARENT_IN_DERINET
,2B_str38,vyhlašovač,vyhlašovat,NO_PARENT_IN_DERINET
,2B_str38,vyhodnocovač,vyhodnocovat,NO_PARENT_IN_DERINET
,2B_str38,vyhřívač,vyhřívat,NO_PARENT_IN_DERINET
,2B_str38,vyhrnovač,vyhrnovat,NO_PARENT_IN_DERINET
,2B_str38,vykřikovač,vykřikovat,NO_PARENT_IN_DERINET
,2B_str38,vykupovač,vykupovat,NO_PARENT_IN_DERINET
,2B_str38,vylepovač,vylepovat,NO_PARENT_IN_DERINET
,2B_str38,vymýšleč,vymýšlet,NO_PARENT_IN_DERINET
,2B_str38,vynalézač,vynalézat,NO_PARENT_IN_DERINET
,2B_str38,vynášeč,vynášet,NO_PARENT_IN_DERINET
,2B_str38,vypichovač,vypichovat,NO_PARENT_IN_DERINET
,2B_str38,vypisovač,vypisovat,NO_PARENT_IN_DERINET
,2B_str38,vyplétač,vyplétat,NO_PARENT_IN_DERINET
,2B_str38,vypouštěč,vypouštět,NO_PARENT_IN_DERINET
,2B_str38,vypravěč,vyprávět,NO_PARENT_IN_DERINET
,2B_str38,vypravovač,vypravovat,NO_PARENT_IN_DERINET
,2B_str38,vyprošťovač,vyprošťovat,NO_PARENT_IN_DERINET
,2B_str38,vyprovázeč,vyprovázet,NO_PARENT_IN_DERINET
,2B_str38,vyptavač,vyptávat,NO_PARENT_IN_DERINET
,2B_str38,vyptávač,vyptávat,NO_PARENT_IN_DERINET
,2B_str38,vyraběč,vyrábět,NO_PARENT_IN_DERINET
,2B_str38,vyřizovač,vyřizovat,NO_PARENT_IN_DERINET
,2B_str38,vysekávač,vysekávat,NO_PARENT_IN_DERINET
,2B_str38,vysouvač,vysouvat,NO_PARENT_IN_DERINET
,2B_str38,vyvaděč,vyvádět,NO_PARENT_IN_DERINET
,2B_str38,vyžírač,vyžírat,NO_PARENT_IN_DERINET
,2B_str38,vyznačovač,vyznačovat,NO_PARENT_IN_DERINET
,2B_str38,vyzvídač,vyzvídat,NO_PARENT_IN_DERINET
,2B_str38,vzdělavač,vzdělávat,NO_PARENT_IN_DERINET
,2B_str38,vzpřimovač,vzpřimovat,NO_PARENT_IN_DERINET
,2B_str38,zabezpečovač,zabezpečovat,NO_PARENT_IN_DERINET
,2B_str38,zahajovač,zahajovat,NO_PARENT_IN_DERINET
,2B_str38,zahaleč,zahálet,NO_PARENT_IN_DERINET
,2B_str38,zaháleč,zahálet,NO_PARENT_IN_DERINET
,2B_str38,zajímač,zajímat,NO_PARENT_IN_DERINET
,2B_str38,zajížděč,zajíždět,NO_PARENT_IN_DERINET
,2B_str38,zakazovač,zakazovat,NO_PARENT_IN_DERINET
,2B_str38,zakladač,zakládat,NO_PARENT_IN_DERINET
,2B_str38,zakuřovač,zakuřovat,NO_PARENT_IN_DERINET
,2B_str38,zamazávač,zamazávat,NO_PARENT_IN_DERINET
,2B_str38,zapírač,zapírat,NO_PARENT_IN_DERINET
-,2B_str38,zářeměřič,měřit,NO_PARENT_IN_DERINET
,2B_str38,zaříkač,zaříkat,NO_PARENT_IN_DERINET
,2B_str38,zasévač,zasévat,NO_PARENT_IN_DERINET
,2B_str38,zastavač,zastávat,NO_PARENT_IN_DERINET
,2B_str38,zastávač,zastávat,NO_PARENT_IN_DERINET
,2B_str38,zastavovač,zastavovat,NO_PARENT_IN_DERINET
,2B_str38,ždímač,ždímat,NO_PARENT_IN_DERINET
,2B_str38,žehnač,žehnat,NO_PARENT_IN_DERINET
-,2B_str38,zeměměřič,měřit,NO_PARENT_IN_DERINET
,2B_str38,zkapalňovač,zkapalňovat,NO_PARENT_IN_DERINET
,2B_str38,zlobič,zlobit,NO_PARENT_IN_DERINET
,2B_str38,znehodnocovač,znehodnocovat,NO_PARENT_IN_DERINET
,2B_str38,zpevňovač,zpevňovat,NO_PARENT_IN_DERINET
,2B_str38,žráč,žrát,NO_PARENT_IN_DERINET
,2B_str38,zuřič,zuřit,NO_PARENT_IN_DERINET
,2B_str38,zvonič,zvonit,NO_PARENT_IN_DERINET
,2C_str54,armovač,armovat,NO_PARENT_IN_DERINET
,2C_str54,bavitel,bavit,NO_PARENT_IN_DERINET
,2C_str54,bouratel,bourat,NO_PARENT_IN_DERINET
,2C_str54,bránitel,bránit,NO_PARENT_IN_DERINET
,2C_str54,brojitel,brojit,NO_PARENT_IN_DERINET
,2C_str54,burcovatel,burcovat,NO_PARENT_IN_DERINET
,2C_str54,cenitel,cenit,NO_PARENT_IN_DERINET
,2C_str54,chránitel,chránit,NO_PARENT_IN_DERINET
,2C_str54,dokončovatel,dokončovat,NO_PARENT_IN_DERINET
,2C_str54,dostavovatel,dostavovat,NO_PARENT_IN_DERINET
,2C_str54,dotazovatel,dotazovat,NO_PARENT_IN_DERINET
,2C_str54,dotvořitel,dotvořit,NO_PARENT_IN_DERINET
,2C_str54,drtitel,drtit,NO_PARENT_IN_DERINET
,2C_str54,hojitel,hojit,NO_PARENT_IN_DERINET
,2C_str54,kovotlačitel,tlačit,NO_PARENT_IN_DERINET
,2C_str54,krmitel,krmit,NO_PARENT_IN_DERINET
,2C_str54,kroužkovatel,kroužkovat,NO_PARENT_IN_DERINET
,2C_str54,kupitel,kupovat,NO_PARENT_IN_DERINET
,2C_str54,líčitel,líčit,NO_PARENT_IN_DERINET
,2C_str54,menšitel,menšit,NO_PARENT_IN_DERINET
,2C_str54,měřitel,měřit,NO_PARENT_IN_DERINET
,2C_str54,nabízitel,nabízet,NO_PARENT_IN_DERINET
,2C_str54,nadržovatel,nadržovat,NO_PARENT_IN_DERINET
,2C_str54,nakupovatel,nakupovat,NO_PARENT_IN_DERINET
,2C_str54,napomahatel,napomáhat,NO_PARENT_IN_DERINET
,2C_str54,napomínatel,napomínat,NO_PARENT_IN_DERINET
-,2C_str54,neplatič,platit,NO_PARENT_IN_DERINET
-,2C_str54,neplnič,plnit,NO_PARENT_IN_DERINET
-,2C_str54,nevodič,vodit,NO_PARENT_IN_DERINET
-,2C_str54,nevolič,volit,NO_PARENT_IN_DERINET
,2C_str54,obdarovatel,obdarovat,NO_PARENT_IN_DERINET
,2C_str54,obdělávatel,obdělávat,NO_PARENT_IN_DERINET
,2C_str54,obdržitel,obdržet,NO_PARENT_IN_DERINET
,2C_str54,oblažovatel,oblažovat,NO_PARENT_IN_DERINET
,2C_str54,obletovatel,obletovat,NO_PARENT_IN_DERINET
,2C_str54,obluzovatel,obluzovat,NO_PARENT_IN_DERINET
,2C_str54,obnovovatel,obnovovat,NO_PARENT_IN_DERINET
,2C_str54,obohacovatel,obohacovat,NO_PARENT_IN_DERINET
,2C_str54,obohatitel,obohatit,NO_PARENT_IN_DERINET
,2C_str54,obšťastňovatel,obšťastňovat,NO_PARENT_IN_DERINET
,2C_str54,obveselovatel,obveselovat,NO_PARENT_IN_DERINET
,2C_str54,obviňovatel,obviňovat,NO_PARENT_IN_DERINET
,2C_str54,obžalovatel,obžalovat,NO_PARENT_IN_DERINET
,2C_str54,ochraňovatel,ochraňovat,NO_PARENT_IN_DERINET
,2C_str54,odhalitel,odhalit,NO_PARENT_IN_DERINET
,2C_str54,odhalovatel,odhalovat,NO_PARENT_IN_DERINET
,2C_str54,odměňovatel,odměňovat,NO_PARENT_IN_DERINET
,2C_str54,odplatitel,odplatit,NO_PARENT_IN_DERINET
,2C_str54,odporovatel,odporovat,NO_PARENT_IN_DERINET
,2C_str54,odsuzovatel,odsuzovat,NO_PARENT_IN_DERINET
,2C_str54,ohledatel,ohledat,NO_PARENT_IN_DERINET
,2C_str54,ohlupovatel,ohlupovat,NO_PARENT_IN_DERINET
,2C_str54,okouzlovatel,okouzlovat,NO_PARENT_IN_DERINET
,2C_str54,okrašlovatel,okrašlovat,NO_PARENT_IN_DERINET
,2C_str54,omladitel,omladit,NO_PARENT_IN_DERINET
,2C_str54,omlazovatel,omlazovat,NO_PARENT_IN_DERINET
,2C_str54,opakovatel,opakovat,NO_PARENT_IN_DERINET
,2C_str54,opatřovatel,opatřovat,NO_PARENT_IN_DERINET
,2C_str54,oplodňovatel,oplodňovat,NO_PARENT_IN_DERINET
,2C_str54,opovrhovatel,opovrhovat,NO_PARENT_IN_DERINET
,2C_str54,opravitel,opravit,NO_PARENT_IN_DERINET
,2C_str54,osekávač,osekávat,NO_PARENT_IN_DERINET
,2C_str54,osidlovatel,osidlovat,NO_PARENT_IN_DERINET
,2C_str54,osídlovatel,osídlovat,NO_PARENT_IN_DERINET
,2C_str54,osočitel,osočit,NO_PARENT_IN_DERINET
,2C_str54,ospravedlnitel,ospravedlnit,NO_PARENT_IN_DERINET
,2C_str54,otravovatel,otravovat,NO_PARENT_IN_DERINET
,2C_str54,otročitel,otročit,NO_PARENT_IN_DERINET
,2C_str54,platitel,platit,NO_PARENT_IN_DERINET
,2C_str54,pobuřovatel,pobuřovat,NO_PARENT_IN_DERINET
,2C_str54,pochybovatel,pochybovat,NO_PARENT_IN_DERINET
,2C_str54,podceňovatel,podceňovat,NO_PARENT_IN_DERINET
,2C_str54,podlézač,podlézat,NO_PARENT_IN_DERINET
,2C_str54,podmaňovatel,podmaňovat,NO_PARENT_IN_DERINET
,2C_str54,podrobitel,podrobit,NO_PARENT_IN_DERINET
,2C_str54,podrývatel,podrývat,NO_PARENT_IN_DERINET
,2C_str54,pojmenovatel,pojmenovat,NO_PARENT_IN_DERINET
,2C_str54,pomahatel,pomáhat,NO_PARENT_IN_DERINET
,2C_str54,poněmčovatel,poněmčovat,NO_PARENT_IN_DERINET
,2C_str54,popichovatel,popichovat,NO_PARENT_IN_DERINET
,2C_str54,popíratel,popírat,NO_PARENT_IN_DERINET
,2C_str54,popisovatel,popisovat,NO_PARENT_IN_DERINET
,2C_str54,popuzovatel,popuzovat,NO_PARENT_IN_DERINET
,2C_str54,porovnavatel,porovnávat,NO_PARENT_IN_DERINET
,2C_str54,posilovatel,posilovat,NO_PARENT_IN_DERINET
,2C_str54,posvětitel,posvětit,NO_PARENT_IN_DERINET
,2C_str54,potíratel,potírat,NO_PARENT_IN_DERINET
,2C_str54,potlačitel,potlačit,NO_PARENT_IN_DERINET
,2C_str54,potřebovatel,potřebovat,NO_PARENT_IN_DERINET
,2C_str54,potupitel,potupit,NO_PARENT_IN_DERINET
,2C_str54,poukazovatel,poukazovat,NO_PARENT_IN_DERINET
,2C_str54,přebásňovatel,přebásňovat,NO_PARENT_IN_DERINET
,2C_str54,přechovatel,přechovat,NO_PARENT_IN_DERINET
,2C_str54,předpovídatel,předpovídat,NO_PARENT_IN_DERINET
,2C_str54,předražitel,předražit,NO_PARENT_IN_DERINET
,2C_str54,předražovatel,předražovat,NO_PARENT_IN_DERINET
,2C_str54,předzpěvovatel,předzpěvovat,NO_PARENT_IN_DERINET
,2C_str54,přehlížitel,přehlížet,NO_PARENT_IN_DERINET
,2C_str54,překonatel,překonat,NO_PARENT_IN_DERINET
,2C_str54,překonávatel,překonávat,NO_PARENT_IN_DERINET
,2C_str54,přemáhatel,přemáhat,NO_PARENT_IN_DERINET
,2C_str54,přepisovatel,přepisovat,NO_PARENT_IN_DERINET
,2C_str54,přetvořitel,přetvořit,NO_PARENT_IN_DERINET
,2C_str54,přihlížitel,přihlížet,NO_PARENT_IN_DERINET
,2C_str54,přikladač,přikládat,NO_PARENT_IN_DERINET
,2C_str54,přisluhovatel,přisluhovat,NO_PARENT_IN_DERINET
,2C_str54,přivlastňovatel,přivlastňovat,NO_PARENT_IN_DERINET
,2C_str54,prohlížitel,prohlížet,NO_PARENT_IN_DERINET
,2C_str54,proměnitel,proměnit,NO_PARENT_IN_DERINET
,2C_str54,prozrazovatel,prozrazovat,NO_PARENT_IN_DERINET
,2C_str54,pustošitel,pustošit,NO_PARENT_IN_DERINET
,2C_str54,řádkovač,řádkovač,NO_PARENT_IN_DERINET
,2C_str54,rovnatel,rovnat,NO_PARENT_IN_DERINET
,2C_str54,rozesílatel,rozesílat,NO_PARENT_IN_DERINET
,2C_str54,rozjímatel,rozjímat,NO_PARENT_IN_DERINET
,2C_str54,rozkazovatel,rozkazovat,NO_PARENT_IN_DERINET
,2C_str54,rozmělňovatel,rozmělňovat,NO_PARENT_IN_DERINET
,2C_str54,rozněcovatel,rozněcovat,NO_PARENT_IN_DERINET
,2C_str54,rozsuzovatel,rozsuzovat,NO_PARENT_IN_DERINET
,2C_str54,samozásobitel,zásobit,NO_PARENT_IN_DERINET
,2C_str54,sbližovatel,sbližovat,NO_PARENT_IN_DERINET
,2C_str54,shrabovatel,shrabovat,NO_PARENT_IN_DERINET
,2C_str54,šiditel,šidit,NO_PARENT_IN_DERINET
,2C_str54,sjednocovatel,sjednocovat,NO_PARENT_IN_DERINET
,2C_str54,škádlitel,škádlit,NO_PARENT_IN_DERINET
,2C_str54,škoditel,škodit,NO_PARENT_IN_DERINET
,2C_str54,škrtitel,škrtit,NO_PARENT_IN_DERINET
,2C_str54,slavitel,slavit,NO_PARENT_IN_DERINET
,2C_str54,smířitel,smířit,NO_PARENT_IN_DERINET
,2C_str54,snímatel,snímat,NO_PARENT_IN_DERINET
-,2C_str54,spolučinitel,činit,NO_PARENT_IN_DERINET
-,2C_str54,spolutvořitel,tvořit,NO_PARENT_IN_DERINET
,2C_str54,spotřebovatel,spotřebovat,NO_PARENT_IN_DERINET
,2C_str54,stanovitel,stanovit,NO_PARENT_IN_DERINET
,2C_str54,stravitel,strávit,NO_PARENT_IN_DERINET
,2C_str54,stravovatel,stravovat,NO_PARENT_IN_DERINET
,2C_str54,strojitel,strojit,NO_PARENT_IN_DERINET
,2C_str54,sužovatel,sužovat,NO_PARENT_IN_DERINET
,2C_str54,tetovatel,tetovat,NO_PARENT_IN_DERINET
,2C_str54,tmelitel,tmelit,NO_PARENT_IN_DERINET
,2C_str54,trestatel,trestat,NO_PARENT_IN_DERINET
,2C_str54,tříditel,třídit,NO_PARENT_IN_DERINET
,2C_str54,uchovavatel,uchovávat,NO_PARENT_IN_DERINET
,2C_str54,udavatel,udávat,NO_PARENT_IN_DERINET
,2C_str54,udílitel,udílet,NO_PARENT_IN_DERINET
,2C_str54,ujařmitel,ujařmit,NO_PARENT_IN_DERINET
,2C_str54,uklidňovatel,uklidňovat,NO_PARENT_IN_DERINET
,2C_str54,ukojitel,ukojit,NO_PARENT_IN_DERINET
,2C_str54,ukojovatel,ukojovat,NO_PARENT_IN_DERINET
,2C_str54,ukrývatel,ukrývat,NO_PARENT_IN_DERINET
,2C_str54,umocňovatel,umocňovat,NO_PARENT_IN_DERINET
,2C_str54,unositel,unosit,NO_PARENT_IN_DERINET
,2C_str54,upevňovatel,upevňovat,NO_PARENT_IN_DERINET
,2C_str54,upomínatel,upomínat,NO_PARENT_IN_DERINET
,2C_str54,upotřebitel,upotřebit,NO_PARENT_IN_DERINET
,2C_str54,upravitel,upravit,NO_PARENT_IN_DERINET
,2C_str54,urážeč,urážet,NO_PARENT_IN_DERINET
,2C_str54,urazitel,urazit,NO_PARENT_IN_DERINET
,2C_str54,úročitel,úročit,NO_PARENT_IN_DERINET
,2C_str54,urychlovatel,urychlovat,NO_PARENT_IN_DERINET
,2C_str54,usměrňovatel,usměrňovat,NO_PARENT_IN_DERINET
,2C_str54,uspořádatel,uspořádat,NO_PARENT_IN_DERINET
,2C_str54,ustanovitel,ustanovit,NO_PARENT_IN_DERINET
,2C_str54,utvrzovatel,utvrzovat,NO_PARENT_IN_DERINET
,2C_str54,uvažovatel,uvažovat,NO_PARENT_IN_DERINET
,2C_str54,uvoditel,uvodit,NO_PARENT_IN_DERINET
,2C_str54,vábitel,vábit,NO_PARENT_IN_DERINET
,2C_str54,varovatel,varovat,NO_PARENT_IN_DERINET
,2C_str54,vážitel,vážit,NO_PARENT_IN_DERINET
-,2C_str54,velkomajitel,mít,NO_PARENT_IN_DERINET
,2C_str54,vězitel,vězit,NO_PARENT_IN_DERINET
,2C_str54,vinitel,vinit,NO_PARENT_IN_DERINET
,2C_str54,vítatel,vítat,NO_PARENT_IN_DERINET
,2C_str54,vítězitel,vítězit,NO_PARENT_IN_DERINET
,2C_str54,voditel,vodit,NO_PARENT_IN_DERINET
,2C_str54,vrhatel,vrhat,NO_PARENT_IN_DERINET
,2C_str54,vrkač,vrkat,NO_PARENT_IN_DERINET
,2C_str54,vštěpovatel,vštěpovat,NO_PARENT_IN_DERINET
,2C_str54,vybavovatel,vybavovat,NO_PARENT_IN_DERINET
,2C_str54,vychvalovač,vychvalovatel,NO_PARENT_IN_DERINET
,2C_str54,vydražovatel,vydražovat,NO_PARENT_IN_DERINET
,2C_str54,vyhlazovatel,vyhlazovat,NO_PARENT_IN_DERINET
,2C_str54,vyhrotitel,vyhrotit,NO_PARENT_IN_DERINET
,2C_str54,vyjadřitel,vyjádřit,NO_PARENT_IN_DERINET
,2C_str54,vyjednávatel,vyjednávat,NO_PARENT_IN_DERINET
,2C_str54,vykladatel,vykládat,NO_PARENT_IN_DERINET
,2C_str54,vykřikovatel,vykřikovat,NO_PARENT_IN_DERINET
,2C_str54,vymanitel,vymanit,NO_PARENT_IN_DERINET
,2C_str54,vymyslitel,vymyslit,NO_PARENT_IN_DERINET
,2C_str54,vynalézatel,vynalézat,NO_PARENT_IN_DERINET
,2C_str54,vyobrazovatel,vyobrazovat,NO_PARENT_IN_DERINET
,2C_str54,vyplnitel,vyplnit,NO_PARENT_IN_DERINET
,2C_str54,vyplňovatel,vyplňovat,NO_PARENT_IN_DERINET
,2C_str54,vyrábitel,vyrábět,NO_PARENT_IN_DERINET
,2C_str54,vyrobitel,vyrobit,NO_PARENT_IN_DERINET
,2C_str54,vyrovnávatel,vyrovnávat,NO_PARENT_IN_DERINET
,2C_str54,vysavatel,vysávat,NO_PARENT_IN_DERINET
,2C_str54,vysilatel,vysílat,NO_PARENT_IN_DERINET
,2C_str54,vyslovovatel,vyslovovat,NO_PARENT_IN_DERINET
,2C_str54,vyslýchač,vyslýchat,NO_PARENT_IN_DERINET
,2C_str54,vysvětlovatel,vysvětlovat,NO_PARENT_IN_DERINET
,2C_str54,vysvobozovatel,vysvobozovat,NO_PARENT_IN_DERINET
,2C_str54,vyučovatel,vyučovat,NO_PARENT_IN_DERINET
,2C_str54,vyznavatel,vyznávat,NO_PARENT_IN_DERINET
,2C_str54,vyznávatel,vyznávat,NO_PARENT_IN_DERINET
,2C_str54,vzbuzovatel,vzbuzovat,NO_PARENT_IN_DERINET
,2C_str54,vzdělatel,vzdělat,NO_PARENT_IN_DERINET
,2C_str54,vzkřísitel,vzkřísit,NO_PARENT_IN_DERINET
,2C_str54,vzněcovatel,vzněcovat,NO_PARENT_IN_DERINET
,2C_str54,zachovavatel,zachovávat,NO_PARENT_IN_DERINET
,2C_str54,zachovávatel,zachovávat,NO_PARENT_IN_DERINET
,2C_str54,zachvatitel,zachvátit,NO_PARENT_IN_DERINET
,2C_str54,zachycovatel,zachycovat,NO_PARENT_IN_DERINET
,2C_str54,zacvičovatel,zacvičovat,NO_PARENT_IN_DERINET
,2C_str54,zahubitel,zahubit,NO_PARENT_IN_DERINET
,2C_str54,zajímatel,zajímat,NO_PARENT_IN_DERINET
,2C_str54,zaklínatel,zaklínat,NO_PARENT_IN_DERINET
,2C_str54,založitel,založit,NO_PARENT_IN_DERINET
,2C_str54,zaměstnatel,zaměstnat,NO_PARENT_IN_DERINET
,2C_str54,zamezovatel,zamezovat,NO_PARENT_IN_DERINET
,2C_str54,zápasitel,zápasit,NO_PARENT_IN_DERINET
,2C_str54,zapíratel,zapírat,NO_PARENT_IN_DERINET
,2C_str54,zaplašovatel,zaplašovat,NO_PARENT_IN_DERINET
,2C_str54,zapůjčitel,zapůjčit,NO_PARENT_IN_DERINET
,2C_str54,zapuzovatel,zapuzovat,NO_PARENT_IN_DERINET
,2C_str54,zaříkávatel,zaříkávat,NO_PARENT_IN_DERINET
,2C_str54,zastavatel,zastávat,NO_PARENT_IN_DERINET
,2C_str54,zasvětitel,zasvětit,NO_PARENT_IN_DERINET
,2C_str54,zatěžovatel,zatěžovat,NO_PARENT_IN_DERINET
,2C_str54,zavrhovatel,zavrhovat,NO_PARENT_IN_DERINET
,2C_str54,zažehnávatel,zažehnávat,NO_PARENT_IN_DERINET
,2C_str54,zaznamenatel,zaznamenat,NO_PARENT_IN_DERINET
,2C_str54,zdokonalitel,zdokonalit,NO_PARENT_IN_DERINET
,2C_str54,zdokonalovatel,zdokonalovat,NO_PARENT_IN_DERINET
,2C_str54,zdražovatel,zdražovat,NO_PARENT_IN_DERINET
,2C_str54,zdržovatel,zdržovat,NO_PARENT_IN_DERINET
,2C_str54,žehnatel,žehnat,NO_PARENT_IN_DERINET
,2C_str54,zeslabovatel,zeslabovat,NO_PARENT_IN_DERINET
,2C_str54,zhanobitel,zhanobit,NO_PARENT_IN_DERINET
,2C_str54,zhodnocovatel,zhodnocovat,NO_PARENT_IN_DERINET
,2C_str54,zhotovovatel,zhotovovat,NO_PARENT_IN_DERINET
,2C_str54,zíratel,zírat,NO_PARENT_IN_DERINET
,2C_str54,zjevovatel,zjevovat,NO_PARENT_IN_DERINET
,2C_str54,zkracovatel,zkracovat,NO_PARENT_IN_DERINET
,2C_str54,zkrášlovatel,zkrášlovat,NO_PARENT_IN_DERINET
,2C_str54,zkumatel,zkoumat,NO_PARENT_IN_DERINET
,2C_str54,zlatič,zlatit,NO_PARENT_IN_DERINET
,2C_str54,zlidšťovatel,zlidšťovat,NO_PARENT_IN_DERINET
,2C_str54,znepokojovatel,znepokojovat,NO_PARENT_IN_DERINET
,2C_str54,zobrazitel,zobrazit,NO_PARENT_IN_DERINET
,2C_str54,zobrazovatel,zobrazovat,NO_PARENT_IN_DERINET
,2C_str54,zosobňovatel,zosobňovat,NO_PARENT_IN_DERINET
,2C_str54,zpracovavatel,zpracovávat,NO_PARENT_IN_DERINET
,2C_str54,zpracovávatel,zpracovávat,NO_PARENT_IN_DERINET
,2C_str54,zpytovatel,zpytovat,NO_PARENT_IN_DERINET
,2C_str54,zrušitel,zrušit,NO_PARENT_IN_DERINET
,2C_str54,ztvárňovatel,ztvárňovat,NO_PARENT_IN_DERINET
,2C_str54,zužitkovatel,zužitkovat,NO_PARENT_IN_DERINET
,4A_str86,andělíček,andílek,NO_PARENT_IN_DERINET
,4A_str86,andílek,anděl,NO_PARENT_IN_DERINET
,4A_str86,aršík,arch,NO_PARENT_IN_DERINET
,4A_str86,beránek,beran,NO_PARENT_IN_DERINET
,4A_str86,bobeček,bobek,NO_PARENT_IN_DERINET
,4A_str86,bochníček,bochník,NO_PARENT_IN_DERINET
,4A_str86,bouček,buk-1_^(strom),NO_PARENT_IN_DERINET
,4A_str86,bratříček,bratřík,NO_PARENT_IN_DERINET
,4A_str86,budíček,budík,NO_PARENT_IN_DERINET
,4A_str86,buřtíček,buřtík,NO_PARENT_IN_DERINET
,4A_str86,bůžek,bůh,NO_PARENT_IN_DERINET
,4A_str86,cedníček,cedník,NO_PARENT_IN_DERINET
,4A_str86,červíček,červík,NO_PARENT_IN_DERINET
,4A_str86,chlápek,chlap,NO_PARENT_IN_DERINET
,4A_str86,chlapíček,chlapík,NO_PARENT_IN_DERINET
,4A_str86,chlebíček,chlebík,NO_PARENT_IN_DERINET
,4A_str86,chodníček,chodník,NO_PARENT_IN_DERINET
,4A_str86,článeček,článek,NO_PARENT_IN_DERINET
,4A_str86,dáreček,dárek,NO_PARENT_IN_DERINET
,4A_str86,dárek,dar,NO_PARENT_IN_DERINET
,4A_str86,dědeček,dědek,NO_PARENT_IN_DERINET
,4A_str86,deníček,deník,NO_PARENT_IN_DERINET
,4A_str86,domeček,domek,NO_PARENT_IN_DERINET
,4A_str86,dortíček,dortík,NO_PARENT_IN_DERINET
,4A_str86,doutníček,doutník,NO_PARENT_IN_DERINET
,4A_str86,draveček,dravec,NO_PARENT_IN_DERINET
,4A_str86,drobeček,drobek,NO_PARENT_IN_DERINET
,4A_str86,dudlíček,dudlík,NO_PARENT_IN_DERINET
,4A_str86,dvoreček,dvorek,NO_PARENT_IN_DERINET
,4A_str86,džbáneček,džbánek,NO_PARENT_IN_DERINET
,4A_str86,fráček,frak,NO_PARENT_IN_DERINET
,4A_str86,hadřík,hadr,NO_PARENT_IN_DERINET
,4A_str86,háječek,hájek,NO_PARENT_IN_DERINET
,4A_str86,holoubek,holub,NO_PARENT_IN_DERINET
,4A_str86,hošíček,hošík,NO_PARENT_IN_DERINET
,4A_str86,hřebíček,hřebík,NO_PARENT_IN_DERINET
,4A_str86,hrudníček,hrudník,NO_PARENT_IN_DERINET
,4A_str86,jehelníček,jehelník,NO_PARENT_IN_DERINET
,4A_str86,kachlíček,kachlík,NO_PARENT_IN_DERINET
,4A_str86,kaneček,kanec,NO_PARENT_IN_DERINET
,4A_str86,kapesníček,kapesník,NO_PARENT_IN_DERINET
,4A_str86,kašpárek,kašpar,NO_PARENT_IN_DERINET
,4A_str86,kbelíček,kbelík,NO_PARENT_IN_DERINET
,4A_str86,keříček,keřík,NO_PARENT_IN_DERINET
,4A_str86,klacíček,klacík,NO_PARENT_IN_DERINET
,4A_str86,klokánek,klokan,NO_PARENT_IN_DERINET
,4A_str86,kmotříček,kmotr,NO_PARENT_IN_DERINET
,4A_str86,knedlíček,knedlík,NO_PARENT_IN_DERINET
,4A_str86,knoflíček,knoflík,NO_PARENT_IN_DERINET
,4A_str86,kolíček,kolík,NO_PARENT_IN_DERINET
,4A_str86,kolík,kůl,NO_PARENT_IN_DERINET
,4A_str86,koníček,koník,NO_PARENT_IN_DERINET
,4A_str86,konipásek,konipas,NO_PARENT_IN_DERINET
,4A_str86,košíček,košík,NO_PARENT_IN_DERINET
,4A_str86,kostelíček,kostelík,NO_PARENT_IN_DERINET
,4A_str86,kousek,kus,NO_PARENT_IN_DERINET
,4A_str86,kouteček,koutek,NO_PARENT_IN_DERINET
,4A_str86,krajánek,krajan,NO_PARENT_IN_DERINET
,4A_str86,králíček,králík,NO_PARENT_IN_DERINET
,4A_str86,krteček,krtek,NO_PARENT_IN_DERINET
,4A_str86,kufříček,kufřík,NO_PARENT_IN_DERINET
,4A_str86,kufřík,kufr,NO_PARENT_IN_DERINET
,4A_str86,kutílek,kutil,NO_PARENT_IN_DERINET
,4A_str86,kvíteček,kvítek,NO_PARENT_IN_DERINET
,4A_str86,kvítek,květ,NO_PARENT_IN_DERINET
,4A_str86,kyblíček,kyblík,NO_PARENT_IN_DERINET
,4A_str86,lesíček,lesík,NO_PARENT_IN_DERINET
,4A_str86,lísteček,lístek,NO_PARENT_IN_DERINET
,4A_str86,lístek,list,NO_PARENT_IN_DERINET
,4A_str86,losík,los,NO_PARENT_IN_DERINET
,4A_str86,lustřík,lustr,NO_PARENT_IN_DERINET
,4A_str86,majeteček,majetek,NO_PARENT_IN_DERINET
,4A_str86,mazlíček,mazlík,NO_PARENT_IN_DERINET
,4A_str86,medvídek,medvěd,NO_PARENT_IN_DERINET
,4A_str86,mladíček,mladík,NO_PARENT_IN_DERINET
,4A_str86,mozeček,mozek,NO_PARENT_IN_DERINET
,4A_str86,námořníček,námořník,NO_PARENT_IN_DERINET
,4A_str86,nehtíček,nehtík,NO_PARENT_IN_DERINET
,4A_str86,nosíček,nosík,NO_PARENT_IN_DERINET
,4A_str86,nožíček,nožík,NO_PARENT_IN_DERINET
,4A_str86,obchodníček,obchodník,NO_PARENT_IN_DERINET
,4A_str86,obdélníček,obdélník,NO_PARENT_IN_DERINET
,4A_str86,obličejíček,obličejík,NO_PARENT_IN_DERINET
,4A_str86,obrázek,obraz,NO_PARENT_IN_DERINET
,4A_str86,oltáříček,oltářík,NO_PARENT_IN_DERINET
,4A_str86,oslíček,oslík,NO_PARENT_IN_DERINET
,4A_str86,památníček,památník,NO_PARENT_IN_DERINET
,4A_str86,páreček,párek,NO_PARENT_IN_DERINET
,4A_str86,parníček,parník,NO_PARENT_IN_DERINET
,4A_str86,pilníček,pilník,NO_PARENT_IN_DERINET
,4A_str86,píseček,písek,NO_PARENT_IN_DERINET
,4A_str86,pláštík,plášť,NO_PARENT_IN_DERINET
,4A_str86,plůtek,plot,NO_PARENT_IN_DERINET
,4A_str86,podvodníček,podvodník,NO_PARENT_IN_DERINET
,4A_str86,pokojíček,pokojík,NO_PARENT_IN_DERINET
,4A_str86,pomníček,pomník,NO_PARENT_IN_DERINET
,4A_str86,poníček,poník,NO_PARENT_IN_DERINET
,4A_str86,popelníček,popelník,NO_PARENT_IN_DERINET
,4A_str86,praporeček,praporek,NO_PARENT_IN_DERINET
,4A_str86,překupníček,překupník,NO_PARENT_IN_DERINET
,4A_str86,profesůrek,profesor,NO_PARENT_IN_DERINET
,4A_str86,prostředníček,prostředník,NO_PARENT_IN_DERINET
,4A_str86,proutek,prut,NO_PARENT_IN_DERINET
,4A_str86,prsteníček,prsteník,NO_PARENT_IN_DERINET
,4A_str86,prstíček,prstík,NO_PARENT_IN_DERINET
,4A_str86,psíček,psík,NO_PARENT_IN_DERINET
,4A_str86,pupíček,pupík,NO_PARENT_IN_DERINET
,4A_str86,řádeček,řádek,NO_PARENT_IN_DERINET
,4A_str86,rámeček,rámek,NO_PARENT_IN_DERINET
,4A_str86,redaktůrek,redaktor,NO_PARENT_IN_DERINET
,4A_str86,řízeček,řízek,NO_PARENT_IN_DERINET
,4A_str86,rybníček,rybník,NO_PARENT_IN_DERINET
,4A_str86,šáteček,šátek,NO_PARENT_IN_DERINET
,4A_str86,slavíček,slavík,NO_PARENT_IN_DERINET
,4A_str86,slovníček,slovník,NO_PARENT_IN_DERINET
,4A_str86,snímeček,snímek,NO_PARENT_IN_DERINET
,4A_str86,soudeček,soudek,NO_PARENT_IN_DERINET
,4A_str86,soudek,sud,NO_PARENT_IN_DERINET
,4A_str86,špendlíček,špendlík,NO_PARENT_IN_DERINET
,4A_str86,šroubeček,šroubek,NO_PARENT_IN_DERINET
,4A_str86,srpeček,srpek,NO_PARENT_IN_DERINET
,4A_str86,stoleček,stolek,NO_PARENT_IN_DERINET
,4A_str86,strážníček,strážník,NO_PARENT_IN_DERINET
,4A_str86,střípeček,střípek,NO_PARENT_IN_DERINET
,4A_str86,střípek,střep,NO_PARENT_IN_DERINET
,4A_str86,stroječek,strojek,NO_PARENT_IN_DERINET
,4A_str86,stromeček,stromek,NO_PARENT_IN_DERINET
,4A_str86,strýčínek,strýček,NO_PARENT_IN_DERINET
,4A_str86,stůček,stok,NO_PARENT_IN_DERINET
,4A_str86,štůček,štok,NO_PARENT_IN_DERINET
,4A_str86,šuplíček,šuplík,NO_PARENT_IN_DERINET
,4A_str86,svazeček,svazek,NO_PARENT_IN_DERINET
-,4A_str86,synáček,syn,NO_PARENT_IN_DERINET
,4A_str86,syneček,synek,NO_PARENT_IN_DERINET
,4A_str86,tatíček,tatík,NO_PARENT_IN_DERINET
,4A_str86,tetřívek,tetřev,NO_PARENT_IN_DERINET
,4A_str86,trojúhelníček,trojúhelník,NO_PARENT_IN_DERINET
,4A_str86,trpaslíček,trpaslík,NO_PARENT_IN_DERINET
,4A_str86,úředníček,úředník,NO_PARENT_IN_DERINET
,4A_str86,uzlíček,uzlík,NO_PARENT_IN_DERINET
,4A_str86,valníček,valník,NO_PARENT_IN_DERINET
,4A_str86,vdoleček,vdolek,NO_PARENT_IN_DERINET
-,4A_str86,večerníček,večerník,NO_PARENT_IN_DERINET
,4A_str86,větříček,větřík,NO_PARENT_IN_DERINET
,4A_str86,větřík,vítr,NO_PARENT_IN_DERINET
,4A_str86,větrníček,větrník,NO_PARENT_IN_DERINET
,4A_str86,voříšek,vořech,NO_PARENT_IN_DERINET
,4A_str86,vozíček,vozík,NO_PARENT_IN_DERINET
,4A_str86,vzorek,vzor,NO_PARENT_IN_DERINET
,4A_str86,vzorníček,vzorník,NO_PARENT_IN_DERINET
,4A_str86,zadeček,zadek,NO_PARENT_IN_DERINET
,4A_str86,zámeček,zámek,NO_PARENT_IN_DERINET
,4A_str86,zápisníček,zápisník,NO_PARENT_IN_DERINET
,4A_str86,zbyteček,zbytek,NO_PARENT_IN_DERINET
,4A_str86,žebříček,žebřík,NO_PARENT_IN_DERINET
,4A_str86,žertíček,žertík,NO_PARENT_IN_DERINET
,4A_str86,žlábek,žlab,NO_PARENT_IN_DERINET
,4A_str86,zlodějík,zloděj,NO_PARENT_IN_DERINET
,4A_str86,zlomeček,zlomek,NO_PARENT_IN_DERINET
,4A_str86,zoubek,zub,NO_PARENT_IN_DERINET
,4A_str86,zpěvníček,zpěvník,NO_PARENT_IN_DERINET
,4A_str86,zvoneček,zvonek,NO_PARENT_IN_DERINET
,4B_str93,hošánek,hošík,NO_PARENT_IN_DERINET
,4B_str93,litránek,litřík,NO_PARENT_IN_DERINET
,4B_str93,litřík,litr,NO_PARENT_IN_DERINET
,4B_str93,nosánek,nosík,NO_PARENT_IN_DERINET
-,5B_str102,autolékárnička,lékárna,NO_PARENT_IN_DERINET
,5B_str102,besídečka,besídka,NO_PARENT_IN_DERINET
,5B_str102,blbůstka,blbost,NO_PARENT_IN_DERINET
,5B_str102,brázdička,brázda,NO_PARENT_IN_DERINET
,5B_str102,břízka,bříza,NO_PARENT_IN_DERINET
,5B_str102,brzdička,brzda,NO_PARENT_IN_DERINET
,5B_str102,bytůstka,bytost,NO_PARENT_IN_DERINET
-,5B_str102,čárčička,čárečka,NO_PARENT_IN_DERINET
,5B_str102,chvilka,chvíle,NO_PARENT_IN_DERINET
,5B_str102,cihelka,cihla,NO_PARENT_IN_DERINET
,5B_str102,čokoládka,čokoláda,NO_PARENT_IN_DERINET
,5B_str102,čubka,čuba,NO_PARENT_IN_DERINET
,5B_str102,dírka,díra,NO_PARENT_IN_DERINET
,5B_str102,funkcička,funkce,NO_PARENT_IN_DERINET
,5B_str102,hlavnička,hlaveň,NO_PARENT_IN_DERINET
,5B_str102,hromnička,hromnice,NO_PARENT_IN_DERINET
,5B_str102,jamička,jamka,NO_PARENT_IN_DERINET
,5B_str102,jizbička,jizba,NO_PARENT_IN_DERINET
,5B_str102,kaskádička,kaskáda,NO_PARENT_IN_DERINET
,5B_str102,knížtička,knížka,NO_PARENT_IN_DERINET
,5B_str102,korunka,koruna,NO_PARENT_IN_DERINET
,5B_str102,kostečka,kostka,NO_PARENT_IN_DERINET
,5B_str102,křepelička,křepelka,NO_PARENT_IN_DERINET
,5B_str102,kůstka,kost,NO_PARENT_IN_DERINET
,5B_str102,lahvička,lahev,NO_PARENT_IN_DERINET
,5B_str102,láznička,lázeň,NO_PARENT_IN_DERINET
,5B_str102,lodyžka,lodyha,NO_PARENT_IN_DERINET
,5B_str102,lopatka,lopata,NO_PARENT_IN_DERINET
,5B_str102,lžičička,lžička,NO_PARENT_IN_DERINET
,5B_str102,malbička,malba,NO_PARENT_IN_DERINET
,5B_str102,mapička,mapka,NO_PARENT_IN_DERINET
,5B_str102,mastička,mast,NO_PARENT_IN_DERINET
,5B_str102,místnůstka,místnost,NO_PARENT_IN_DERINET
,5B_str102,myšlenečka,myšlenka,NO_PARENT_IN_DERINET
,5B_str102,něžnůstka,něžnost,NO_PARENT_IN_DERINET
,5B_str102,ovečka,ovce,NO_PARENT_IN_DERINET
,5B_str102,pěnička,pěnice,NO_PARENT_IN_DERINET
,5B_str102,pevnůstka,pevnost,NO_PARENT_IN_DERINET
,5B_str102,písnička,píseň,NO_PARENT_IN_DERINET
,5B_str102,pivnička,pivnice,NO_PARENT_IN_DERINET
,5B_str102,pomněnečka,pomněnka,NO_PARENT_IN_DERINET
,5B_str102,prdýlka,prdel,NO_PARENT_IN_DERINET
,5B_str102,prodejnička,prodejna,NO_PARENT_IN_DERINET
,5B_str102,puštička,puška,NO_PARENT_IN_DERINET
,5B_str102,řádečka,řádka,NO_PARENT_IN_DERINET
,5B_str102,radůstka,radost,NO_PARENT_IN_DERINET
,5B_str102,ranka,rána,NO_PARENT_IN_DERINET
,5B_str102,rezervička,rezerva,NO_PARENT_IN_DERINET
,5B_str102,rybka,ryba,NO_PARENT_IN_DERINET
,5B_str102,šachovnička,šachovnice,NO_PARENT_IN_DERINET
,5B_str102,šachtička,šachta,NO_PARENT_IN_DERINET
,5B_str102,sbírečka,sbírka,NO_PARENT_IN_DERINET
,5B_str102,šipčička,šipka,NO_PARENT_IN_DERINET
,5B_str102,slabůstka,slabost,NO_PARENT_IN_DERINET
,5B_str102,šňůrečka,šňůra,NO_PARENT_IN_DERINET
,5B_str102,štěnička,štěnice,NO_PARENT_IN_DERINET
,5B_str102,štoudvička,štoudev,NO_PARENT_IN_DERINET
,5B_str102,stranička,strana,NO_PARENT_IN_DERINET
,5B_str102,stříška,střecha,NO_PARENT_IN_DERINET
,5B_str102,studánečka,studánka,NO_PARENT_IN_DERINET
,5B_str102,sůvička,sůva,NO_PARENT_IN_DERINET
,5B_str102,tajnůstka,tajnost,NO_PARENT_IN_DERINET
,5B_str102,tatřička,tatra,NO_PARENT_IN_DERINET
,5B_str102,třásnička,třáseň,NO_PARENT_IN_DERINET
,5B_str102,třešnička,třešeň,NO_PARENT_IN_DERINET
,5B_str102,třístička,tříska,NO_PARENT_IN_DERINET
,5B_str102,urnička,urna,NO_PARENT_IN_DERINET
,5B_str102,věcička,věc,NO_PARENT_IN_DERINET
,5B_str102,verandička,veranda,NO_PARENT_IN_DERINET
,5B_str102,větévka,větev,NO_PARENT_IN_DERINET
,5B_str102,věžička,vížka,NO_PARENT_IN_DERINET
,5B_str102,vížka,věž,NO_PARENT_IN_DERINET
,5B_str102,vlajčička,vlajka,NO_PARENT_IN_DERINET
,5B_str102,vrbka,vrba,NO_PARENT_IN_DERINET
,5B_str102,vstupenčička,vstupenka,NO_PARENT_IN_DERINET
,5B_str102,zásadička,zásada,NO_PARENT_IN_DERINET
,5B_str102,zemička,země,NO_PARENT_IN_DERINET
,5B_str102,živnůstka,živnost,NO_PARENT_IN_DERINET
,5B_str102,zmínečka,zmínka,NO_PARENT_IN_DERINET
,6A_str119,autíčko,auto,NO_PARENT_IN_DERINET
,6A_str119,bahýnko,bahno,NO_PARENT_IN_DERINET
,6A_str119,bebíčko,bebí,NO_PARENT_IN_DERINET
,6A_str119,bidýlko,bidlo,NO_PARENT_IN_DERINET
,6A_str119,blátíčko,bláto,NO_PARENT_IN_DERINET
,6A_str119,bříško,břicho,NO_PARENT_IN_DERINET
,6A_str119,bumbáníčko,bumbání,NO_PARENT_IN_DERINET
,6A_str119,bydélko,bydlo,NO_PARENT_IN_DERINET
,6A_str119,čelíčko,čílko,NO_PARENT_IN_DERINET
,6A_str119,čísílko,číslo,NO_PARENT_IN_DERINET
,6A_str119,číslíčko,čísílko,NO_PARENT_IN_DERINET
,6A_str119,divadélko,divadlo,NO_PARENT_IN_DERINET
,6A_str119,divadýlko,divadlo,NO_PARENT_IN_DERINET
,6A_str119,dřevíčko,dřívko,NO_PARENT_IN_DERINET
,6A_str119,dýnko,dno,NO_PARENT_IN_DERINET
,6A_str119,hovínko,hovno,NO_PARENT_IN_DERINET
,6A_str119,hrdélko,hrdlo,NO_PARENT_IN_DERINET
,6A_str119,jadérko,jádro,NO_PARENT_IN_DERINET
,6A_str119,jadýrko,jádro,NO_PARENT_IN_DERINET
,6A_str119,kafíčko,kafe,NO_PARENT_IN_DERINET
,6A_str119,křesílko,křeslo,NO_PARENT_IN_DERINET
,6A_str119,křidélko,křídlo,NO_PARENT_IN_DERINET
,6A_str119,křidýlko,křídlo,NO_PARENT_IN_DERINET
,6A_str119,kyvadélko,kyvadlo,NO_PARENT_IN_DERINET
,6A_str119,lepidýlko,lepidlo,NO_PARENT_IN_DERINET
,6A_str119,letadélko,letadlo,NO_PARENT_IN_DERINET
,6A_str119,letadýlko,letadlo,NO_PARENT_IN_DERINET
,6A_str119,líčko,líce,NO_PARENT_IN_DERINET
,6A_str119,masíčko,maso,NO_PARENT_IN_DERINET
,6A_str119,máslíčko,máslo,NO_PARENT_IN_DERINET
,6A_str119,mateníčko,matení,NO_PARENT_IN_DERINET
,6A_str119,náboženstvíčko,náboženství,NO_PARENT_IN_DERINET
,6A_str119,ňadérko,ňadro,NO_PARENT_IN_DERINET
,6A_str119,ňadýrko,ňadro,NO_PARENT_IN_DERINET
,6A_str119,očičko,očko,NO_PARENT_IN_DERINET
,6A_str119,okénečko,okénko,NO_PARENT_IN_DERINET
,6A_str119,okénko,okno,NO_PARENT_IN_DERINET
,6A_str119,okýnko,okno,NO_PARENT_IN_DERINET
,6A_str119,peklíčko,peklo,NO_PARENT_IN_DERINET
,6A_str119,pláténko,plátno,NO_PARENT_IN_DERINET
,6A_str119,plátýnko,plátno,NO_PARENT_IN_DERINET
,6A_str119,pošušňáníčko,pošušňání,NO_PARENT_IN_DERINET
,6A_str119,pouzdérko,pouzdro,NO_PARENT_IN_DERINET
,6A_str119,prádélko,prádlo,NO_PARENT_IN_DERINET
,6A_str119,prádýlko,prádlo,NO_PARENT_IN_DERINET
,6A_str119,prkénko,prkno,NO_PARENT_IN_DERINET
,6A_str119,prkýnko,prkno,NO_PARENT_IN_DERINET
,6A_str119,rádýlko,rádlo,NO_PARENT_IN_DERINET
,6A_str119,randíčko,rande,NO_PARENT_IN_DERINET
,6A_str119,sedadélko,sedadlo,NO_PARENT_IN_DERINET
,6A_str119,sedélko,sedlo,NO_PARENT_IN_DERINET
,6A_str119,sedýlko,sedlo,NO_PARENT_IN_DERINET
,6A_str119,sklíčko,sklo,NO_PARENT_IN_DERINET
,6A_str119,školeníčko,školení,NO_PARENT_IN_DERINET
,6A_str119,slunéčko,slunce,NO_PARENT_IN_DERINET
,6A_str119,slunko,slunce,NO_PARENT_IN_DERINET
,6A_str119,sólíčko,sólo,NO_PARENT_IN_DERINET
,6A_str119,srdéčko,srdce,NO_PARENT_IN_DERINET
,6A_str119,srdíčko,srdce,NO_PARENT_IN_DERINET
,6A_str119,srovnáníčko,srovnání,NO_PARENT_IN_DERINET
,6A_str119,staveníčko,stavení,NO_PARENT_IN_DERINET
,6A_str119,stébélko,stéblo,NO_PARENT_IN_DERINET
,6A_str119,stehýnko,stehno,NO_PARENT_IN_DERINET
,6A_str119,strašidélko,strašidlo,NO_PARENT_IN_DERINET
,6A_str119,strašidýlko,strašidlo,NO_PARENT_IN_DERINET
,6A_str119,světélko,světlo,NO_PARENT_IN_DERINET
,6A_str119,světýlko,světlo,NO_PARENT_IN_DERINET
,6A_str119,svinstvíčko,svinstvo,NO_PARENT_IN_DERINET
,6A_str119,svítáníčko,svítání,NO_PARENT_IN_DERINET
-,6A_str119,tělíčko,tílko,NO_PARENT_IN_DERINET
,6A_str119,teplíčko,teplo,NO_PARENT_IN_DERINET
,6A_str119,těstíčko,těsto,NO_PARENT_IN_DERINET
,6A_str119,tykadélko,tykadlo,NO_PARENT_IN_DERINET
,6A_str119,umyvadélko,umyvadlo,NO_PARENT_IN_DERINET
,6A_str119,vajíčko,vejce,NO_PARENT_IN_DERINET
,6A_str119,vědérko,vědro,NO_PARENT_IN_DERINET
,6A_str119,zamhouřeníčko,zamhouření,NO_PARENT_IN_DERINET
,6A_str119,zemětřeseníčko,zemětřesení,NO_PARENT_IN_DERINET
,6A_str119,žitečko,žito,NO_PARENT_IN_DERINET
,6A_str119,zlatíčko,zlato,NO_PARENT_IN_DERINET
,6B_str122,bludišťátko,bludiště,NO_PARENT_IN_DERINET
,6B_str122,čtyřčátko,čtyřče,NO_PARENT_IN_DERINET
,6B_str122,děťátko,dítě,NO_PARENT_IN_DERINET
,6B_str122,košťátko,koště,NO_PARENT_IN_DERINET
,6B_str122,kupátko,kupé,NO_PARENT_IN_DERINET
,6B_str122,medvíďátko,medvídě,NO_PARENT_IN_DERINET
,6B_str122,ohnišťátko,ohniště,NO_PARENT_IN_DERINET
,6B_str122,relátko,relé,NO_PARENT_IN_DERINET
,6B_str122,schodišťátko,schodiště,NO_PARENT_IN_DERINET
,6B_str122,srnčátko,srnče,NO_PARENT_IN_DERINET
,6B_str122,vlčátko,vlče,NO_PARENT_IN_DERINET
