\;růst_N;srůst_N;růst;srůst;;;;
;mrkev_N;mrkváče_N;;;;;;
;žlutý_A;žluna_N;;;;;;
\;inkaso_N;kasa_N;;;;;;
\;moudrý_A;mudrosloví_N;;;;;;
\;zoboun_N;zoborožec_N;;;;;;
\;klavír_N;klavichord_N;;;;;;
\;domněnka_N;domnělý_A;domnívat;domnívat;;;;
;mech_N;omšelý_A;;;;;;
\;konjunkce_N;konjunktura_N;;;;;;
\;Jáchym_N;Jáša_N;;;;;;
\;purkmistr_N;purkrabí_N;;;;;;
\;pozemský_AC;pozemek_N;;;;;;
§;meruna_N;meruňka_N;;;;;;
\;apendix_N;apendektomie_N;;;;;;
;kritický_A;podkritický_A;;;;;;
\;folio_N;fólie_N;;;;;;
§;jaderský_A;Jadran_N;;;;;;
\;entusiasmus_N;entuziasmus_N;;;;;;
\;Asie_N;Eurasie_N;;;;;;
\;stesk_N;tesklivý_A;;teskný;;;;
\;populární_A;populace_N;;;;;;
§;flanďák_N;flanda_N;;;;;;
;hanět_V;hana_N;;;;;;
\;Jiří_N;jirský_A;;;;;;
;forma_N;formát_N;;;;;;
\;kana_N;katakana_N;;;;;;
\;matka_N;mamá_N;;;;;;
\;děkovat_V;vděčit_V;;;;;;
;tuba_N;intubovat_V;;;;;;
\;kana_N;hiragana_N;;;;;;
\;mašina_N;mašinérie_N;;;;;;
;šejk_N;šejchát_N;;;;;;
;sadit_V;posada_N;;;;;;
\;buržuj_N;buržoazní_A;;;;;;
\;funebrák_N;funerální_A;;;;;;
\;frnknout_V;frňák_N;;frnět;;;;
;koule_N;kule_N;;;;;;
\;mim_N;pantomima_N;;;;;;
\;nadat_V;nadace_N;;;;;;
\;brzy_D;barzoj_N;;;;;;
;inventář_N;inventura_N;;;;;;
;znak_N;odznak_N;;;;;;
;lues_N;luetik_N;;;;;;
\;jíška_N;zajíšit_V;;;;;;
\;jímat_V;rozjímat_V;;;;;;
\;hemoglobin_N;hem_N;;;;;;
\;augur_N;inaugurovat_V;;;;;;
\;táhlo_N;netáhlo_N;táhnout;táhnout;;;;
;ariánský_A;arianismus_N;;;;;;
\;zpyták_N;zpyt_N;;;;;;
\;hrad_N;rozhrada_N;;;;;;
;Jonáš_N;Joník_N;;;;;;
§;skopský_A;Skopje_N;;;;;;
\;závěť_N;přívětivý_A;;;;;;
\;podloží_N;nadloží_N;;;;;;
\;klestit_V;kleště_N;;;;;;
;fešný_A;fešák_N;;;;;;
\;nula_N;anulovat_V;;;;;;
\;klečet_V;vkleče_D;;klek;;;;
;debata_N;debatér_N;;;;;;
\;slunce_N;oslnit_V;;;;;;
\;Matoušek_N;Matuška_N;;;;;;
\;čert_N;čerchmant_N;;;;;;
\;straka_N;stračena_N;;strakatý;;;;
;suchý_A;souchotiny_N;;;;;;
§;adiabatický_A;adiabata_N;;;;;;
;toxický_A;toxin_N;;;;;;
;kradmo_D;úkradmo_D;;;;;;
§;Spartakus_None;Sparta_N;;;;;;
;bachor_N;bachratý_A;;;;;;
\;kuplíř_N;kuplet_N;;;;;;
;kradmo_D;pokradmo_D;;;;;;
;ježek_N;ježatý_A;;;;;;
§;hrozit_V;hrůza_N;;;;;;
;verbovat_V;verbež_N;;;;;;
;tvář_N;ztvárnit_V;;;;;;
\;paměť_N;zapomínat_V;;zapomenout;;;;
\;hora_N;shora_D;;;;;;
;oviparie_N;oviparní_A;;;;;;
;sympatický_A;sympatikus_N;;;;;;
\;zřít_V;žrec_N;;;;;;
\;oktáva_N;oktan_N;;;;;;
\;hantýrka_N;hantec_N;;;;;;
\;bekhend_N;bek_N;;;;;;
\;Jiřina_N;jiřina_N;;;;;;
\;purkrabí_N;purkmistr_N;;;;;;
;velet_V;velín_N;;;;;;
;růže_N;Růžena_N;;;;;;
;mour_N;mouřenín_N;;;;;;
\;markrabě_N;marka_N;;;;;;
\;anabolizmus_N;anabolikum_N;;;;;;
\;obuv_N;zout_V;;;;;;
§;koptský_A;kopt_N;;;;;;
\;homole_N;hmota_N;;;;;;
\;křemík_N;křemen_N;;;;;;
;porta_N;portýr_N;;;;;;
\;forma_N;platforma_N;;;;;;
§;amoleta_N;omeleta_N;;;;;;
;přesvědčit_V;svědek_N;svědčit;svědčit;;;;
;krutý_A;ukrutný_A;;;;;;
;Jakub_N;jakubka_N;;;;;;
;kláda_N;kladka_N;;;;;;
\;hořet_V;řeřavý_A;;;;;;
;flámovat_V;flamendr_N;;;;;;
\;fuka_N;Fuka_N;;;;;;
\;Spartakus_None;spartakiáda_N;;;;;;
;Renáta_N;Renata_N;;;;;;
\;portfej_N;portfolio_N;;;;;;
;Cyril_N;Kyril_N;;;;;;
;estetický_A;estét_N;;;;;;
;hotel_N;hostel_N;;;;;;
\;pakatel_N;bagatelizovat_V;;;;;;
;diskrétní_A;diskrece_N;;;;;;
§;riskovat_V;riziko_N;;;;;;
;frekvence_N;frekventant_N;;;;;;
;forma_N;formule_N;;;;;;
;Květoslava_N;Květa_N;;;;;;
;fritéza_N;fritovat_V;;;;;;
\;drobit_V;drobet_N;;;;;;
 ;stéblo_N;zblo_N;;;;;;
\;hrdlo_N;vrdlouhat_V;;;;;;
;rok_N;výročí_N;;;;;;
\;elektřina_N;elektrárna_N;elektrický;elektrický;;;;
\;primát_N;primán_N;;;;;;
\;křest_N;křísit_V;;;;;;
;Jezule_None;jezule_N;;;;;;
;spustit_V;spousta_N;;;;;;
\;klíčit_V;obklíčit_V;;klíč;;;;
\;slech_N;náslech_N;;;;;;
;vozher_N;uvozhřený_A;;;;;;
\;břežský_A;Brzeg_N;;;;;;
;operace_N;operand_N;;;;;;
\;Petr_N;Petrik_N;;;;;;
\;inzerovat_V;inzert_N;;;;;;
;lnout_V;vzlínat_V;;;;;;
;viset_V;věšet_V;;;;;;
\;baraba_N;barabizna_N;;barák;;;;
;sedět_V;sídlo_N;;;;;;
\;červ_N;červený_A;;;;;;
\;Dobříš_N;Dobřichov_N;;;;;;
\;poštovní_A;postilion_N;;;;;;
\;metronom_NC;metrum_N;;;;;;
\;všehomír_NC;vesmír_N;;;;;;
\;bohemistika_N;bohém_N;;;;;;
\;ohavný_A;havěť_N;;;;;;
\;Vojtěch_N;Vojtek_N;;;;;;
;Franky_N;francký_A;;;;;;
;zvuk_N;ozvuk_N;;;;;;
§;pařit_V;pára_N;;;;;;
;indisponovaný_A;indispozice_N;;;;;;
;trio_N;triola_N;;;;;;
;komandant_N;komandýrovka_N;;;;;;
\;bašta_N;bastion_N;;;;;;
\;technolog_N;technika_N;;;;;;
;Bohumír_N;Božek_N;;;;;;
;jasan_N;pajasan_N;;;;;;
;hádat_V;pohádka_N;;;;;;
§;presumovat_V;presumpce_N;;;;;;
\;prostřednictví_N;bezprostřední_A;;;;;;
;skořápka_N;skořepina_N;;;;;;
§;funebrák_N;funebrální_A;;;;;;
\;pryž_N;pružit_V;pružný;pružný;;;;
;zlato_N;Zlata_N;;;;;;
\;kapitál_N;kapitola_N;;;;;;
\;štípat_V;vštípit_V;;;;;;
\;právo_N;právě_D;;;;;;
\;opozice_N;pozice_N;;;;;;
\;uvěznit_V;vězet_V;;;;;;
\;tlachat_V;tlama_N;;;;;;
;odysea_N;Odysseus_N;;;;;;
\;spadat_V;tempo_N;;;;;;
\;Laponsko_N;Lopar_N;;;;;;
\;stroužek_N;stručný_A;struk;;;;;
\;letuška_N;stevard_N;;;;;;
\;Dorota_N;důra_N;;;;;;
§;zastaralý_A;starý_A;;;;;;
\;zelí_N;vepř_N;;;;;;
\;klestit_V;klíště_N;;;;;;
\;jinoch_N;junák_N;;;;;;
\;Judita_N;Jitka_N;;;;;;
\;fingovat_V;finta_N;;;;;;
\;klepat_V;klapat_V;;;;;;
;Abrahám_N;Abrhám_N;;;;;;
\;kolébat_V;kolísat_V;;;;;;
\;Jindřich_N;Jindrák_N;;;;;;
§;březen_N;bříza_N;;;;;;
\;hodit_V;hodlat_V;;;;;;
\;Dobříš_N;Dobřív_N;;;;;;
\;lišaj_N;lišej_N;;;;;;
\;Karel_N;Karolína_N;;;;;;
;Zdeněk_N;Zdenko_N;;;;;;
\;maštal_N;štolba_N;;;;;;
\;revoluce_N;revolver_N;;;;;;
\;František_N;Franěk_N;;;;;;
\;kupa_N;kýbl_N;;;;;;
\;syčet_V;sýkora_N;;;;;;
\;Bartoloměj_N;Bart_N;;;;;;
\;pupek_N;pupen_N;;;;;;
\;Prus_N;Průša_N;;;;;;
\;raketa_N;rachejtle_N;;;;;;
\;Václav_N;Vacek_N;;;;;;
\;Lubor_N;Luboš_N;;;;;;
\;oko_N;babočka_N;;;;;;
\;fakulta_N;fakule_N;;;;;;
\;žhnout_V;žehlit_V;;;;;;
\;harašit_V;hartusit_V;;;;;;
\;bdít_V;budit_V;;;;;;
\;klepat_V;klenout_V;;;;;;
\;Marius_N;Mario_N;;;;;;
\;Marius_N;Marek_N;;;;;;
\;brousit_V;brusinka_N;;brusnice;;;;
;saně_N;sanice_N;;;;;;
\;Arnošt_N;Arno_N;;;;;;
\;Agáta_N;Agaton_N;;;;;;
\;kometa_N;koma_N;;;;;;
\;žár_N;žárlit_V;;;;;;
\;Karolína_N;Karol_N;;;;;;
\;Punkva_N;koniklec_N;;;;;;
\;Bartoloměj_N;Bárta_N;;;;;;
\;pinďa_N;pinda_N;;;;;;
\;mula_N;mezek_N;;;;;;
\;Klement_N;Kliment_N;;;;;;
\;pikola_N;pikolo_N;;;;;;
\;Kliment_N;Klement_N;;;;;;
\;Natálie_N;Nataša_N;;;;;;
\;dít_V;úd_N;;;;;;
\;zdrhnout_V;drhnout_V;;;;;;
\;tak_None;také_D;;;;;;
\;mořit_V;mařit_V;;;;;;
\;Búr_N;buran_N;;;;;;
\;šelak_N;lak_N;;;;;;
\;terminál_N;termín_N;;;;;;
\;Blažej_N;Blažík_N;;;;;;
\;mise_N;emise_N;;;;;;
\;Cínovec_N;cín_N;cínovec;;;;;
\;Heřmanův_A;Heřmaň_N;Heřman;;;;;
\;holínka_N;holý_A;holeň;;;;;
\;institucionální_A;institut_N;instituce;;;;;
\;kolonizovat_V;kolona_N;kolonie;;;;;
\;křivit_V;křivdit_V;křivý;;;;;
\;legitimace_N;legitimní_A;;;;;;
\;loutkařit_V;loutka_N;loutkař;;;;;
\;malířství_N;malovat_V;malířský;;;;;
\;mlhavo_D;mlha_N;mlhavý;;;;;
\;mohamedánský_A;Muhammad_N;mohamedán;;;;;
\;název_N;zvát_V;nazvat;;;;;
\;vynulovat_V;nula_N;nulovat;;;;;
§;očumovat_V;čumět_V;;;;;;
\;odhad_N;hádat_V;odhadnout;;;;;
\;podunajský_AC;Dunaj_N;Podunají;;;;;
§;pošuk_N;šukat_V;;;;;;
\;potrat_N;tratit_V;potratit;;;;;
\;rabínský_A;rabbi_N;rabín;;;;;
\;zrecenzovat_V;recenze_N;recenzovat;;;;;
\;Scheinpflugová_N;Schein_N;Scheinpflug;;;;;
\;slabozrakost_N;slabý_A;slabozraký;;;;;
\;odstranit_V;strana_N;;;;;;
\;tloustnout_V;týt_V;tlustý;;;;;
\;utuchnout_V;poťouchlý_A;tuchnout;;;;;
\;upoceně_D;pot_N;upocený;;;;;
\;velikost_N;velký_A;veliký;;;;;
\;zdlábnout_V;dlabat_V;zdlabat;;;;;
\;Urban_N;urbanismus_N;;;;;;
\;algoritmus_N;algoritmizace_N;;algoritmizovat;;;;
\;angorizmus_N;angorák_N;;angorský;;;;
\;barevný_A;bezbarvý_A;;barva;;;;
\;Bělohlávek_N;Bělohlavý_N;bělohlavý;bělohlavý;;;;
\;bít_V;bicista_N;;bicí;;;;
\;Blažej_N;Blažíček_N;;Blažek;;;;
\;bosý_A;naboso_D;;boso;;;;
\;berně_N;berní_A;brát;brát;;;;
\;břichomluvec_N;břich_N;;břicho;;;;
\;metropole_N;Sevastopol_N;;;;;;
\;botulizmus_N;botulotoxin_N;;;;;;
\;bába_N;zemlbába_N;;;;;;
\;agitace_N;agitprop_N;agitovat;;;;;
\;portfolio_N;portfej_N;;;;;;
\;univerzitní_A;univerzální_A;univerzita;;;;;
\;centrum_N;centralizovat_V;;centrální;;;;
\;cvičit_V;cvičenka_N;;cvičenec;;;;
\;čistit_V;zčistajasna_D;čistý;;;;;
\;čtení_N;čítárna_N;číst;číst;;;;
\;oddíl_N;díl_N;oddělit;dělit;;;;
\;denotát_N;denotace_N;denotovat;;;;;
\;žasnout_V;děsit_V;;děs;;;;
\;desetitisícina_N;desetitisíc_N;;;;;;
\;déšť_N;deštivo_D;;deštivý;;;;
\;diplomacie_N;diplomovat_V;;diplom;;;;
\;Dobříš_N;Dobřichovice_N;dobrý;dobrý;;;;
\;dohodit_V;dohodce_N;hodit;dohoda;;;;
\;dokumentární_A;dokumentarista_N;dokument;dokument;;;;
\;dům_N;domácí_A;;doma;;;;
\;stihnout_V;nedostižný_A;;dostihnout;;;;
\;stoupat_V;dostupný_A;;dostoupit;;;;
\;vést_V;důvod_N;;dovodit;;;;
\;dřevěný_A;dřevnatý_A;dřevo;dřevo;;;;
\;dub_N;Dubina_N;*;dubina;;;;
\;dužina_N;neduh_N;;duh;;;;
\;denní_A;dvoudenní_A;den;;;;;
\;slabičný_A;dvouslabičný_A;slabika;;;;;
\;dýchání_N;dýchánek_N;dýchat;dýchat;;;;
\;erotika_N;erotično_N;;erotický;;;;
\;figura_N;figuralista_N;;figurální;;;;
\;filosofický_A;filosofovat_V;filosofie;filosofie;;;;
\;software_N;firmware_N;;;;;;
\;vous_N;fousatý_A;;fousy;;;;
\;hlinka_N;Hlinsko_N;hlína;;;;;
\;hlinka_N;Hliník_N;hlína;hliník;;;;
\;hoblík_N;hoblovat_V;hobl;hobl;;;;
\;hon_N;honební_A;honit;honba;;;;
\;houba_N;houbařství_N;;houbař;;;;
\;hřmět_V;hromovat_V;;hrom;;;;
\;hřbet_N;hřeben_N;;hřeb;;;;
\;hříbě_N;hřebčín_N;hřebec;hřebec;;;;
\;hnis_N;chrchel_N;;chrchlat;;;;
\;chytrý_A;chytračit_V;;chytrák;;;;
\;jednotný_A;jednotlivý_A;jednota;jednotit;;;;
\;kachna_N;kačer_N;;káča;;;;
\;kapitál_N;kapitulovat_V;;;;;;
\;kližka_N;klihovitý_A;;klih;;;;
\;kmitat_V;kmitoměr_N;;;;;;
;konkurenční_A;bezkonkurenční_A;konkurence;;;;;
\;metropole_N;konstantinopolský_A;;Konstantinopole;;;;
\;kuřák_N;kuřárna_N;kouřit;kouřit;;;;
\;Kovařík_N;Kovářík_N;Kovář;Kovář;;;;
;koza_N;kůzle_N;;;;;;
;koza_N;kozle_N;;;;;;
\;zakrátko_D;zkrátka_D;krátko;krátko;;;;
\;krájet_V;skrojit_V;;krojit;;;;
\;křesťan_N;pokřesťanštit_V;;křesťanský;;;;
;kožní_A;podkožní_A;kůže;;;;;
\;léto_N;letovisko_N;;létat;;;;
\;Libor_N;Líba_N;;Libuše;;;;
\;lid_N;zlidštět_V;;lidský;;;;
\;louže_N;louh_N;;loužit;;;;
\;makat_V;nemakačenko_N;;makačenko;;;;
\;malý_A;malíček_N;;malík;;;;
\;matka_N;mamina_N;;máma;;;;
\;Marius_N;Mára_N;;Marek;;;;
\;mediální_A;medijní_A;medium;;;;;
\;movitost_N;jmění_N;movitý;mít;;;;
\;mléko_N;mlíčňák_N;;mlíčný;;;;
\;mnohý_P;namnoze_D;mnoho;mnoho;;;;
\;mnoho_C;mnohde_D;;;;;;
\;moravský_A;moravista_N;Morava;Morava;;;;
\;mráz_N;Mrazík_N;;mrazík;;;;
\;mrzet_V;mrzout_N;;mrzutý;;;;
\;mohamedánský_A;Mohamed_N;mohemedán;Muhammad;;;;
\;bodat_V;nabodat_V;;nabodnout;;;;
\;znacionalizovat_V;nacionalizace_N;nacionlizovat;;;;;
\;nahota_N;naze_D;nahý;nahý;;;;
\;nalít_V;nálev_N;lít;nalévat;;;;
\;tlak_N;nátlak_N;tlačit;natlačit;;;;
\;vít_V;navíjet_V;;navít;;;;
\;neděle_N;Neděla_N;;neděla;;;;
\;dlouho_D;zanedlouho_D;;nedlouho;;;;
;hodit_V;nehoda_N;;;;;;
\;chuť_N;znechutit_V;;nechuť;;;;
\;nemoc_N;onemocnět_V;nemoci;nemocný;;;;
\;neschopný_A;neschopenka_N;schopný;neschopnost;;;;
\;výhoda_N;znevýhodnit_V;;nevýhodný;;;;
\;newyorský_AC;Newyorčan_N;;;;;;
\;úmysl_N;obmysl_N;;obmyslet;;;;
\;obojakost_N;obojace_D;obojaký;obojaký;;;;
\;obsahovat_V;obsažný_A;;obsah;;;;
\;šoustat_V;obšoustník_N;;obšoustat;;;;
\;oko_N;očař_N;;oční;;;;
\;čurat_V;očurávat_V;;očurat;;;;
\;kopat_V;odkop_N;;odkopnout;;;;
\;lov_N;odlov_N;lovit;odlovit;;;;
\;mluvit_V;odmlouvat_V;;odmluvit;;;;
\;tok_N;odtok_N;téct;odtéct;;;;
\;Odysseus_None;odysea_N;;Odyssea;;;;
\;mést_V;omítat_V;;;;;;
\;mést_V;ometat_V;;omést;;;;
\;osada_N;osazenstvo_N;osadit;osazený;;;;
\;ostrý_A;naostro_D;;ostro;;;;
;ostrý_A;ostříž_N;;;;;;
\;otavský_A;Pootaví_N;Otava;Otava;;;;
\;palice_N;paličkovat_V;;palička;;;;
\;punk_N;panker_N;;pank;;;;
\;Pavel_N;Pavlína_N;;Pavla;;;;
\;ciferný_A;pěticiferný_A;cifra;;;;;
\;psát_V;písemnictví_N;;písemný;;;;
\;čest_N;počest_N;ctít;poctít;;;;
\;počítat_V;počty_N;čítat;počet;;;;
\;chuť_N;pochoutka_N;;pochutnat;;;;
\;kecat_V;pokec_N;;pokecat;;;;
\;nepokoj_N;upokojit_V;pokoj;pokojný;;;;
\;posera_N;poseroutka_N;posrat;posrat;;;;
\;dosavadní_A;doposud_D;dosavad;posud;;;;
;šukat_V;pošuk_N;;;;;;
\;potentát_N;potenciál_N;;potence;;;;
\;potřebovat_V;opotřebit_V;;potřeba;;;;
\;napoprvé_D;napotřetí_D;poprvé;potřetí;;;;
\;toulavý_A;potulný_A;toulat;potulovat;;;;
\;velet_V;povel_N;;povelit;;;;
\;pozorování_N;zpozornět_V;pozorovat;pozorný;;;;
\;pravý_A;vpravo_D;;pravo;;;;
\;srát_V;průser_N;;prosrat;;;;
\;postoj_N;prostoj_N;postát;prostát;;;;
\;švihnout_V;průšvih_N;;prošvihnout;;;;
\;instance_N;prvoinstanční_A;;;;;;
\;prostřít_V;předstírat_V;;předestřít;;;;
\;předloha_N;předkládat_V;předložit;předložit;;;;
;tušit_V;předtucha_N;;;;;;
;převis_N;převislý_A;;;;;;
\;vléct_V;převlek_N;;převléct;;;;
\;běhat_V;přibíhat_V;;přiběhnout;;;;
\;překlep_N;příklep_N;překlepnout;přiklepnout;;;;
\;spona_N;přípona_N;sepnout;připnout;;;;
\;razit_V;příraz_N;;přirazit;;;;
\;přísahat_V;přísežný_A;;přísaha;;;;
\;zracionalizovat_V;racionální_A;racionalizovat;racio;;;;
\;radost_N;rozradostnit_V;;radostný;;;;
;edukace_N;reedukace_N;;;;;;
;rotace_N;rotor_N;;;;;;
\;přít_V;rozpor_N;;rozepřít;;;;
\;rýže_N;rýžoviště_N;;rýžovat;;;;
;číst_V;sečtělý_A;;;;;;
\;šestnáctka_N;sedmnáctka_N;šestnáct;sedmnáct;;;;
\;schod_N;schůdný_A;;sejít;;;;
\;sekundér_N;sekundant_N;;sekundovat;;;;
\;pnout_V;spínat_V;;sepnout;;;;
\;sunout_V;sesun_N;;sesunout;;;;
\;třít_V;stírat_V;;setřít;;;;
\;úhrn_N;souhrn_N;uhrnout;shrnout;;;;
\;chráněný_A;schrána_N;chránit;schránit;;;;
\;silný_A;siloměr_N;;;;;;
\;skála_N;skalnička_N;;skalní;;;;
\;krčit_V;skrček_N;;skrčit;;;;
\;slovanský_A;slavizmus_N;Slovan;Slávie;;;;
\;smyk_N;smyčec_N;smýkat;smýkat;;;;
\;sosák_N;násoska_N;sosat;sosat;;;;
\;čin_N;součin_N;činit;součinit;;;;
\;odpočívat_V;spočívat_V;;spočinout;;;;
\;růst_N;srostlý_A;;srůst;;;;
\;stáří_N;staře_D;;starý;;;;
\;strana_N;nestranný_A;;stranný;;;;
\;kultura_N;subkultura_N;;;;;;
\;Světlana_N;Světluška_N;;světluška;;;;
\;vít_V;svíjet_V;;svinout;;;;
\;titanový_A;titaničitý_A;titan;titan;;;;
\;tmavě_D;vytmavit_V;tmavý;tmavý;;;;
\;Tomáš_N;Tomek_N;;Tom;;;;
\;trávník_N;zatrávnit_V;tráva;tráva;;;;
\;trh_N;tržiště_N;;tržit;;;;
\;čtvrtohory_N;třetihory_N;;;;;;
\;běhat_V;ubíhat_V;;uběhnout;;;;
\;ufon_N;ufoun_N;ufo;ufo;;;;
\;uhlík_N;zuhelnatit_V;;uhelnatý;;;;
\;újezd_N;Újezdec_N;;Újezd;;;;
\;slovo_N;úsloví_N;;uslovit;;;;
\;stav_N;ústav_N;;ustavit;;;;
\;strčit_V;ústrk_N;;ustrčit;;;;
\;žít_V;užitný_A;;užít;;;;
\;váček_N;vačice_N;vak;vak;;;;
\;válečný_A;poválečný_A;válka;válka;;;;
\;Václav_N;Vašík_N;;Vašek;;;;
\;vaz_N;vazký_A;vázat;vázat;;;;
\;odvětit_V;odveta_N;;veta;;;;
\;vídat_V;vid_N;;vidět;;;;
\;vrch_N;Vrchlický_N;;Vrchlice;;;;
\;průtok_N;vtok_N;protéci;vtéci;;;;
\;vtip_N;vtipkář_N;;vtípek;;;;
\;dech_N;výdech_N;;vydechnout;;;;
\;výfuk_N;vyfukovat_V;vyfouknout;vyfouknout;;;;
\;krut_N;výkrut_N;kroutit;vykroutit;;;;
\;výluka_N;výlučný_A;vyloučit;vyloučit;;;;
\;mést_V;vymetat_V;;vymést;;;;
\;vařit_V;vývar_N;;vyvařit;;;;
\;zadní_A;nazad_D;záď;záď;;;;
\;zahloubení_N;záhlubník_N;zahloubit;zahloubit;;;;
\;hnědý_A;záhněda_N;;zahnědnout;;;;
\;mést_V;zamítat_V;;zamést;;;;
\;povídat_V;zapovídat_V;povědět;zapovědět;;;;
\;zásuvka_N;zásuvný_A;zasunout;zasunout;;;;
\;vít_V;závit_N;;zavít;;;;
\;doznat_V;naznat_V;znát;znát;;;;
\;žebřík_N;žebřina_N;žebř;žebř;;;;
\;chuť_N;ochutit_V;;;;;;
\;okamžik_N;okamžitý_A;;;;;;
\;taškář_N;taškařice_N;taška;;;;;
\;lhůta_N;Lhota_N;;;;;;
\;geocaching_NC;cache_A;;;;;;
\;chalkopyrit_N;pyrit_N;;;;;;
\;videokazeta_NC;kazeta_N;;;;;;
\;svatvečer_N;večer_N;;;;;;
\;břichomluvec_N;břicho_N;;;;;;
\;bordelmamá_N;bordel_N;;;;;;
\;ikonostas_NC;ikona_N;;;;;;
\;infrastruktura_NC;struktura_N;;;;;;
§;kružítko_N;kruh_N;kroužit;;;;;
§;džudo_N;judo_N;;;;;;
§;systematický_A;systém_N;;;;;;
§;humanistický_A;humanismus_N;;;;;;
§;tibetský_A;Tibet_N;;;;;;
§;nebesa_N;nebe_N;;;;;;
\;čeřen_N;čeřit_V;;;;;;
§;sestřenice_N;sestra_N;;;;;;
§;Bechyňsko_N;Bechyně_N;;;;;;
§;obuv_N;obout_V;;;;;;
§;Brunšvicko_N;Brunšvik_N;;;;;;
§;Macháček_N;Machač_N;;;;;;
\;efebofilie_NC;eféb_N;;;;;;
§;kozel_N;koza_N;;;;;;
§;Rosický_N;Rosice_N;;;;;;
§;jizlivost_N;jízlivý_A;;;;;;
§;hostel_N;hotel_N;;;;;;
§;plaťák_N;plato_N;;;;;;
§;brandenburský_A;Brandenburk_N;;;;;;
§;plachetnice_N;plachta_N;;;;;;
§;klokočí_N;klokoč_N;;;;;;
§;caudillizmus_N;caudillo_N;;;;;;
§;taťka_N;táta_N;;;;;;
§;krájet_V;krojit_V;;;;;;
§;vraný_A;vrána_N;;;;;;
§;broskvoň_N;broskev_N;;;;;;
§;frazeologie_NC;fráze_N;;;;;;
§;oceanárium_N;oceán_N;;;;;;
§;předsednictvo_N;předseda_N;;;;;;
§;nohavice_N;noha_N;;;;;;
§;albinismus_N;albín_N;;;;;;
§;katastrální_A;katastr_N;;;;;;
§;sibylský_A;Sibyla_N;;;;;;
§;rafinérie_N;rafinovat_V;;;;;;
§;boloňský_A;Bologna_N;;;;;;
§;bzukot_N;bzučet_V;;;;;;
§;jarmarečník_N;jarmark_N;;;;;;
§;kanoista_N;kánoe_N;;;;;;
§;mumifikovat_VC;mumie_N;;;;;;
§;katalánský_A;Katalánie_N;;;;;;
§;pouze_D;pouhý_A;;;;;;
§;tropický_A;tropy_N;;;;;;
§;pantoflíček_N;pantofel_N;;;;;;
§;plemeník_N;plemeno_N;;;;;;
§;Břevnov_N;břevno_N;;;;;;
§;pepřenka_N;pepř_N;;;;;;
§;radost_N;radovat_V;;;;;;
§;sesmolit_V;smola_N;;;;;;
§;zruinovat_V;ruina_N;;;;;;
§;Perseidy_N;Perseus_N;;;;;;
§;Ryba_N;ryba_N;;;;;;
§;Barmánec_N;Barma_N;;;;;;
\;Mongolsko_N;mongol_N;;Mongol;;;;
§;nálezce_N;nalézt_V;;;;;;
§;Naďa_N;Naděžda_N;;;;;;
§;přistehovat_V;steh_N;;;;;;
§;biblizmus_N;bible_N;;;;;;
§;ostří_N;ostrý_A;;;;;;
§;polař_N;pole_N;;;;;;
§;Litevec_N;Litva_N;;;;;;
§;Opočenský_N;Opočno_N;;;;;;
§;chodský_A;Chod_N;;;;;;
§;sirotek_N;sirý_A;;;;;;
§;trafikant_N;trafika_N;;;;;;
§;zvadnout_V;vadnout_V;;;;;;
§;kladský_A;Kladsko_N;;;;;;
§;zánik_N;zanikat_V;;;;;;
§;bandita_N;banda_N;;band;;;;
\;protetický_A;protéza_N;;;;;;
§;konsekutivně_D;konsekuce_N;;;;;;
\;ctižádost_N;čest_N;;ctít;;;;
§;schránka_N;schraňovat_V;;chránit;;;;
§;nabídka_N;nabízet_V;nabídnout;nabídnout;;;;
§;zohyzdění_N;zohyžďovat_V;;ohyzdný;;;;
§;optimalizovat_V;optimální_A;;optimum;;;;
§;pomlčka_N;pomlka_N;;pomlčet;;;;
§;příštipkář_N;příštipek_N;;přišípnout;;;;
§;přízvuk_N;zvuk_N;;zvučet;;;;
;rafinovat_V;finesa_N;;;;;;
§;slzet_V;slza_N;;;;;;
§;prádelna_N;prát_V;;;;;;
\;zpolitizovat_V;politika_N;politický;;;;;
\;vznikat_V;unikat_V;;;;;;
\;box_N;beatbox_N;;;;;;
\;dítě_N;bezdětek_N;;bezdětný;;;;
\;bílý_A;bělohlavý_A;;;;;;
\;hrad_N;Bělehrad_N;;;;;;
\;rys_N;bokorys_N;rýsovat;;;;;
\;člověk_N;bohočlověk_N;;;;;;
\;libý_A;bohulibý_A;;;;;;
\;oxid_N;sulfoxid_N;;;;;;
\;tisk_N;hlubotisk_N;;;;;;
\;hokej_N;hokejbal_N;;;;;;
\;dokola_D;koldokola_D;;;;;;
\;hodina_N;půlhodina_N;;;;;;
\;hotel_N;botel_N;;;;;;
\;kúra_N;manikúra_N;;;;;;
\;bůh_N;zbůhdarma_D;;;;;;
\;adrenalin_N;noradrenalin_N;;;;;;
\;symbiont_N;symbióza_N;;;;;;
\;car_N;Cařihrad_N;;;;;;
\;lán_N;čtvrtlán_N;;;;;;
\;čtvrt_C;čtvrtlitr_N;;;;;;
\;dávný_A;dávnověký_A;;;;;;
\;brát_V;dechberoucí_A;;;;;;
\;ocas_N;devítiocasý_A;;;;;;
\;noha_N;dvounohý_A;;;;;;
\;stopa_N;dvoustopý_A;;;;;;
\;koruna_N;dvousetkoruna_N;;;;;;
;manžel_N;exmanžel_N;;;;;;
;ministr_N;exministr_N;;;;;;
;šéfredaktor_NC;exšéfredaktor_N;;;;;;
\;granát_N;granátomet_N;;;;;;
;hacker_N;hacking_N;hackovat;hackovat;;;;
\;hrách_N;Hracholusky_N;;;;;;
\;vodík_N;chlorovodík_N;;;;;;
;jasně_D;rozjasnit_V;jasný;jasný;;;;
\;hlas_N;jednohlasý_A;;;;;;
\;stopa_N;jednostopý_A;;;;;;
\;oko_N;jednooký_A;;;;;;
\;vejce_N;jednovaječný_A;;;;;;
\;kníže_N;knížepán_N;;;;;;
\;koza_N;kozoroh_N;;;;;;
\;krajina_N;krajinomalba_N;kraj;;;;;
;kývat_V;kyv_N;kývnout;kývnout;;;;
\;léto_N;letokruh_N;;;;;;
\;líh_N;lihoměr_N;;;;;;
\;maso_N;masopust_N;;;;;;
\;medvěd_N;medvědobijka_N;;;;;;
\;manžel_N;mnohomanželný_A;;;;;;
\;nácek_N;nacionalismus_N;nacionalista;nacionální;;;;
\;nadřít_V;nádor_N;dřít;nadrat;;;;
;šedivý_A;našedivělý_A;;;;;;
\;člověk_N;opočlověk_N;;;;;;
;opium_N;opiát_N;;;;;;
\;finále_N;osmifinále_N;;;;;;
\;stovka_N;osmistovka_N;sto;;;;;
\;ozón_N;ozonosféra_N;;;;;;
\;haléř_N;padesátihaléř_N;;;;;;
;pást_V;pastevec_N;;;;;;
\;pec_N;pecivál_N;;;;;;
\;hydrát_N;pentahydrát_N;;;;;;
\;pět_C;pětiměsíční_A;;;;;;
\;pět_C;pětitisícovka_N;;;;;;
\;pět_C;pětitýdenní_A;;;;;;
\;napoprvé_D;napodruhé_D;poprvé;podruhé;;;;
\;skála_N;Podskalí_N;;podskalí;;;;
\;napoprvé_D;napopáté_D;poprvé;popáté;;;;
\;tah_N;průtah_N;táhnout;protáhnout;;;;
\;brát_V;přebor_N;;přebrat;;;;
\;znalec_N;půdoznalec_N;znalý;;;;;
\;kilo_N;půlkilo_N;;;;;;
\;kruh_N;půlkruh_N;;;;;;
\;lán_N;půllán_N;;;;;;
\;rána_N;ranhojič_N;;;;;;
\;proud_N;silnoproud_N;;;;;;
\;směr_N;směrodatný_A;;;;;;
\;smrt_N;smrtonosný_A;;;;;;
\;srdce_N;srdceryvný_A;;;;;;
\;Rakušan_N;Starorakušan_N;;;;;;
\;vražda_N;synovražda_N;;;;;;
\;věk_N;šedověk_N;;;;;;
\;štika_N;štikozubec_N;;;;;;
\;tady_D;tadyhle_D;;;;;;
\;tam_D;tamtudy_D;;;;;;
\;tma_N;potměšilý_A;;;;;;
\;hrot_N;tříhrotý_A;;;;;;
\;vlk_N;vakovlk_N;;;;;;
\;hra_N;veselohra_N;hrát;;;;;
\;vedení_N;vedoucí_N;vést;vést;;;;
\;vrhnout_V;vývrh_N;;vyvrhnout;;;;
\;vždy_D;vždyzelený_A;;;;;;
\;žeh_N;zážeh_N;;zažehnout;;;;
\;věda_N;zdravověda_N;;;;;;
\;zlatý_N;zlatoústý_A;;;;;;
\;zvracet_V;zvratky_N;zvrátit;zvrátit;;;;
;koulet_V;kulatý_A;;;;;;
;recepce_N;recepční_A;;;;;;
;taj_N;potají_D;;;;;;
;prohlédnout_V;průhledítko_N;;;;;;
;Lichtenštejnsko_N;lichtenštejnský_A;;;;;;
;švec_N;Švec_N;;;;;;
;dosavad_None;dosavadní_A;;;;;;
;spravit_V;správný_A;;;;;;
;pospas_N;napospas_D;;;;;;
;rovina_N;nadrovina_N;;;;;;
;abstrakcionismus_N;abstrakcionista_N;;;;;;
;judaismus_N;judaistika_N;;;;;;
;sympatický_A;sympaťák_N;;;;;;
;kořalka_N;kořalečník_N;;;;;;
;absorbovat_V;absorpce_N;;;;;;
;manšestr_N;manšestráky_N;;;;;;
;obout_V;obuv_N;;;;;;
;Maxim_N;Maximovič_N;;;;;;
;adheze_N;adhezívní_A;;;;;;
;žíhat_V;zažíhat_V;;;;;;
;jádro_N;jaderniště_N;;;;;;
;pohybovat_V;pohyblivý_A;;;;;;
;rovnice_N;nerovnice_N;;;;;;
;skupina_N;podskupina_N;;;;;;
;patriarcha_NC;patriarchální_A;;;;;;
;konzervatoř_N;konzervatorista_N;;;;;;
;půst_N;postit_V;;;;;;
;směr_N;usměrnit_V;;;;;;
;odložit_V;odkládat_V;;;;;;
;újezd_N;Újezd_N;;;;;;
;přiložit_V;příloha_N;;;;;;
;zanítit_V;zánět_N;;;;;;
;draslík_N;draselný_A;;;;;;
;skripta_N;skriptorium_N;;;;;;
;produkce_N;koprodukce_N;;;;;;
;důvod_N;zdůvodnit_V;;;;;;
;spíž_N;spižírna_N;;;;;;
;budoucí_A;budoucně_D;;;;;;
;příčit_V;příčel_N;;;;;;
;profesionální_A;profesionalizmus_N;;;;;;
;solární_A;solárium_N;;;;;;
;reálný_A;realizmus_N;;;;;;
;zahradník_N;Zahradník_N;;;;;;
;kondice_N;kondicionovat_V;;;;;;
;popel_N;popelín_N;;;;;;
;vysokánský_A;vysokanánský_A;;;;;;
;stlát_V;ustlat_V;;;;;;
;Jaroslav_N;Jára_N;;;;;;
;Julie_N;Juliana_N;;;;;;
;zdejší_A;vezdejší_A;;;;;;
;rozpaky_N;rozpačitý_A;;;;;;
;loubí_N;podloubí_N;;;;;;
;anestezie_N;anestetikum_N;;;;;;
;patriarcha_NC;patriarchát_N;;;;;;
;účet_N;podúčet_N;;;;;;
;Věra_N;Věruška_N;;;;;;
;vlákno_N;vlákénko_N;;;;;;
;hodina_N;hoďka_N;;;;;;
;planeta_N;planetoid_N;;;;;;
;bradavice_N;bradavičnatý_A;;;;;;
;krátký_A;kraťasy_N;;;;;;
;pohár_N;Pohár_N;;;;;;
;paže_N;připažit_V;;;;;;
;Houston_N;houstonský_A;;;;;;
;brzy_D;brzičko_D;;;;;;
;prát_V;prádelna_N;;;;;;
;polo_None;napolo_D;;;;;;
;Schwarzenberg_None;schwarzenberský_A;;;;;;
;kmen_N;soukmenovec_N;;;;;;
;teplý_A;oteplit_V;;;;;;
;stlát_V;rozestlat_V;;;;;;
;kuřák_N;nekuřák_N;;;;;;
;graf_N;podgraf_N;;;;;;
;Žilina_N;žilinský_A;;;;;;
;krájet_V;krajíc_N;;;;;;
;pravit_V;rozprávět_V;;;;;;
;štvát_V;poštvat_V;;;;;;
;bít_V;bicí_N;;;;;;
;most_N;předmostí_N;;;;;;
;hlava_N;podhlavník_N;;;;;;
;Nantes_N;nanteský_A;;;;;;
;auto_N;auťák_N;;;;;;
;stlát_V;vystlat_V;;;;;;
;klíč_N;paklíč_N;;;;;;
;křeček_N;Křeček_N;;;;;;
;gang_N;gangster_N;;;;;;
;baron_N;baronet_N;;;;;;
;tlustý_A;tloušťka_N;;;;;;
;dítě_N;bezdětný_A;;;;;;
;lehký_A;zlehčit_V;;;;;;
;žába_N;žabisko_N;;;;;;
;virus_N;zavirovat_V;;;;;;
;pět_C;pětka_N;;;;;;
;blázen_N;bláznoství_N;;;;;;
;cizí_A;zcizit_V;;;;;;
;Sázava_None;Sázavan_N;;;;;;
;vléct_V;vlak_N;;;;;;
;měď_N;měděný_A;;;;;;
;Libérie_N;Liberijec_N;;;;;;
;Anna_N;Anka_N;;;;;;
;příliš_D;přespříliš_D;;;;;;
;jak_N;jaksi_D;;;;;;
;dlaň_N;dlanitý_A;;;;;;
;zelí_N;zelovka_N;;;;;;
;větev_N;větvit_V;;;;;;
;skvrna_N;poskvrnit_V;;;;;;
;hlas_N;nahlas_D;;;;;;
;učit_V;učiliště_N;;;;;;
\;buk_N;Bukovec_N;;bukový;;;;
;Merkur_None;merkur_N;;;;;;
;kůň_N;koninec_N;;;;;;
;skála_N;skalisko_N;;;;;;
;plachta_N;plachetka_N;;;;;;
;partaj_N;bezpartijní_A;;;;;;
;trn_N;strniště_N;;;;;;
;tušit_V;tucha_N;;;;;;
;žába_N;žabař_N;;;;;;
;kobyla_N;Kobylnice_N;;;;;;
;kule_N;kulovnice_N;;;;;;
;Ivan_N;Ivančice_N;;;;;;
;kněz_N;kníže_N;;;;;;
;hlava_N;záhlavec_N;;;;;;
;jehla_N;jehličí_N;;;;;;
;jak_N;nějak_D;;;;;;
;vysoký_A;povýšit_V;;;;;;
;Brno_N;Brněnsko_N;;;;;;
;profesor_N;profesura_N;;;;;;
;hnít_V;hniloba_N;;;;;;
;Valach_N;Valašsko_N;;;;;;
;Volha_N;volha_N;;;;;;
;šílet_V;vyšilovat_V;;;;;;
;svatba_N;svatebčan_N;;;;;;
;gymnázium_N;gymnazista_N;;;;;;
;Afrika_N;afrikán_N;;;;;;
;Calais_N;calaiský_A;;;;;;
;dřevo_N;dříví_N;;;;;;
;Václava_N;Vendula_N;;;;;;
;sehnat_V;Sehnal_N;;;;;;
;lalok_N;laločnatý_A;;;;;;
;penis_N;penýsek_N;;;;;;
;kategorie_N;podkategorie_N;;;;;;
;hned_D;hnedle_D;;;;;;
;mez_N;bezmezný_A;;;;;;
;hrob_N;záhrobí_N;;;;;;
;sladký_A;slaďák_N;;;;;;
;řvát_V;řev_N;;;;;;
;rovnat_V;rovnítko_N;;;;;;
;Mosambik_N;Mosambičan_N;;;;;;
;šlapat_V;našlapovat_V;;;;;;
;bílý_A;bělat_V;;;;;;
;chlór_N;chlorit_N;;;;;;
;šiška_N;šištice_N;;;;;;
;houně_N;huňatý_A;;;;;;
;dno_N;bezedný_A;;;;;;
;holub_N;Holub_N;;;;;;
;cizí_A;cizota_N;;;;;;
;len_N;lněný_A;;;;;;
;mše_N;mešní_A;;;;;;
;kost_N;Kostěj_N;;;;;;
;bát_V;bojácný_A;;;;;;
;Vojtěch_N;Vojta_N;;;;;;
;hotel_N;hotelnictví_N;;;;;;
;sedět_V;sedat_V;;;;;;
;bonbón_N;bonboniéra_N;;;;;;
;krev_N;krvavý_A;;;;;;
;starat_V;starost_N;;;;;;
;kámen_N;kamenovat_V;;;;;;
;zeď_N;zední_A;;;;;;
;vát_V;věječka_N;;;;;;
;vlas_N;navlas_D;;;;;;
;chodit_V;chůdy_N;;;;;;
;ovoce_N;ovocnář_N;;;;;;
;noha_N;unožit_V;;;;;;
;marod_A;marodit_V;;;;;;
;prst_N;náprstek_N;;;;;;
;kiwi_N;kivi_N;;;;;;
;spát_V;dospat_V;;;;;;
;krátký_A;kraťas_N;;;;;;
;rovný_A;nerovný_A;;;;;;
;lampa_N;lampion_N;;;;;;
;plný_A;úplný_A;;;;;;
;brát_V;dobrat_V;;;;;;
;bok_N;zabočit_V;;;;;;
;lhát_V;zalhat_V;;;;;;
;Olomouc_None;Olomučany_N;;;;;;
;mačkat_V;zamáčknout_V;;;;;;
;Morava_N;Pomoraví_N;;;;;;
;želé_N;želatina_N;;;;;;
;šmak_N;Šmak_N;;;;;;
;hnědý_A;hněď_N;;;;;;
;káva_N;kafe_N;;;;;;
;viset_V;viselec_N;;;;;;
;Hus_N;Husův_A;;;;;;
;sinus_N;sinusoida_N;;;;;;
;noha_N;roznožit_V;;;;;;
;emise_N;emitent_N;;;;;;
;kopí_N;kopiník_N;;;;;;
;spát_V;prospat_V;;;;;;
;František_N;Franta_N;;;;;;
;idiom_N;idiomatika_N;;;;;;
;mák_N;makovec_N;;;;;;
;tanec_N;taneční_N;;;;;;
;akvárium_N;akvaristika_N;;;;;;
;ocel_N;zocelit_V;;;;;;
;prut_N;proutí_N;;;;;;
;suchý_A;suchar_N;;;;;;
;zrno_N;zrní_N;;;;;;
;životní_A;nadživotní_A;;;;;;
;lakomý_A;lakota_N;;;;;;
;peklo_N;předpeklí_N;;;;;;
;hořký_A;hořknout_V;;;;;;
;pojišťovna_N;pojišťovák_N;;;;;;
;drť_N;padrť_N;;;;;;
;bílý_A;bělet_V;;;;;;
;němý_A;oněmět_V;;;;;;
;skrz_R;naskrz_D;;;;;;
;rána_N;ranař_N;;;;;;
;srát_V;nasrat_V;;;;;;
;čnít_V;čnělka_N;;;;;;
;libý_A;Liběna_N;;;;;;
;Dominik_N;dominikán_N;;;;;;
;Odra_N;Poodří_N;;;;;;
;Kiribati_N;kiribatský_A;;;;;;
;krám_N;kramář_N;;;;;;
;mačkat_V;smáčknout_V;;;;;;
;kámen_N;kamének_N;;;;;;
;gajdy_N;gajdoš_N;;;;;;
;nebe_N;podnebí_N;;;;;;
;plný_A;zplna_D;;;;;;
;plac_N;plácek_N;;;;;;
;malý_A;Malý_N;;;;;;
;cukr_N;cukrkandl_N;;;;;;
;voda_N;vodouch_N;;;;;;
;bok_N;úbočí_N;;;;;;
;Lucie_N;Lucinka_N;;;;;;
;cuketa_N;cukina_N;;;;;;
;Abrahám_N;abrahámoviny_N;;;;;;
;cit_N;bezcitný_A;;;;;;
;mléko_N;mlíčí_N;;;;;;
;těžit_V;těžní_A;;;;;;
;čerstvý_A;občerstvit_V;;;;;;
;kolibřík_N;kolibří_A;;;;;;
;Kolumbie_N;Kolumbijka_N;;;;;;
;dvůr_N;dvořit_V;;;;;;
;vášeň_N;rozvášnit_V;;;;;;
;vězet_V;uvíznout_V;;;;;;
;vtip_N;vtipálek_N;;;;;;
;Florencie_None;Florenčan_N;;;;;;
;chechtat_V;chechot_N;;;;;;
;rak_N;Rak_N;;;;;;
;kluk_N;klučičí_A;;;;;;
;Managua_N;managujský_A;;;;;;
;kontakt_N;bezkontaktní_A;;;;;;
;cappuccino_N;kapučíno_N;;;;;;
;jádro_N;vyjádřit_V;;;;;;
;chlév_N;chlív_N;;;;;;
;pálit_V;palčivý_A;;;;;;
;prát_V;proprat_V;;;;;;
;jitro_N;jitřit_V;;;;;;
;nůž_N;nožíř_N;;;;;;
;Otakar_N;otakárek_N;;;;;;
;sonáta_N;sonatina_N;;;;;;
;možný_A;umožnit_V;;;;;;
;Julius_N;Julie_N;;;;;;
;barva_N;barevný_A;;;;;;
;rota_N;rotný_N;;;;;;
;rakev_N;rakvář_N;;;;;;
;drbat_V;drbárna_N;;;;;;
;keř_N;křoví_N;;;;;;
;Karel_N;Karlín_N;;;;;;
;král_N;Královec_N;;;;;;
;vlát_V;vlajka_N;;;;;;
;bůh_N;zbožný_A;;;;;;
;prs_N;záprsí_N;;;;;;
;nákup_N;nákupčí_N;;;;;;
;doba_N;soudobý_A;;;;;;
;tkát_V;protkat_V;;;;;;
;víno_N;vinárna_N;;;;;;
;Sáva_N;sávský_A;;;;;;
;kolega_N;kolegáček_N;;;;;;
;Emil_N;Emílie_N;;;;;;
;Adam_N;Adámek_N;;;;;;
;vždy_D;navždy_D;;;;;;
;zima_N;Zíma_N;;;;;;
;brum_N;bručet_V;;;;;;
;muž_N;vzmužit_V;;;;;;
;absolutní_A;absolutno_N;;;;;;
;díra_N;děrovat_V;;;;;;
;slepice_N;vyslepičit_V;;;;;;
;čistý_A;přečistý_A;;;;;;
;přít_V;upřít_V;;;;;;
;kůň_N;konice_N;;;;;;
;próza_N;prozaik_N;;;;;;
;číst_V;čtivý_A;;;;;;
;místo_N;rozmístit_V;;;;;;
;kůra_N;kornatý_A;;;;;;
;Michal_N;Michálek_N;;;;;;
;strop_N;nástropní_A;;;;;;
;Kantábrie_N;kantaberský_A;;;;;;
;Alexandr_N;Lexa_N;;;;;;
;Maroko_N;Maročan_N;;;;;;
;list_N;palist_N;;;;;;
;Uršula_N;uršulinský_A;;;;;;
;lomit_V;dolomit_N;;;;;;
;Europa_N;europium_N;;;;;;
;pít_V;pijan_N;;;;;;
;bahno_N;bažina_N;;;;;;
;varle_N;nadvarle_N;;;;;;
;ruka_N;zručný_A;;;;;;
;moderní_A;modernismus_N;;;;;;
;nitro_N;niterný_A;;;;;;
;Olomouc_None;Olomoučák_N;;;;;;
;hlíza_N;hlíznatý_A;;;;;;
;nový_A;obnovit_V;;;;;;
;střecha_N;zastřešit_V;;;;;;
;Mars_None;marsovský_A;;;;;;
;Marie_N;Máří_N;;;;;;
;rok_N;napřesrok_D;;;;;;
;tělo_N;nátělník_N;;;;;;
;kapr_N;kapřivec_N;;;;;;
;kníže_N;knížectví_N;;;;;;
;šedý_A;Šeda_N;;;;;;
;Lenin_N;leninovec_N;;;;;;
;virus_N;odvirovat_V;;;;;;
\;Jičín_None;Jičíněves_N;;;;;;
;chcát_V;pochcat_V;;;;;;
;hnát_V;obehnat_V;;;;;;
;amfiteátr_N;amfiteatrální_A;;;;;;
;diapozitiv_NC;diák_N;;;;;;
;Stalingrad_None;Stalingradec_N;;;;;;
;kolovrat_N;kolovrátek_N;;;;;;
;daleko_D;předaleko_D;daleký;;;;;
;drobný_A;droboučký_A;drobit;;;;;
\;Filip_N;filipojakubský_A;;;;;;
;uhradit_V;úhrada_N;hradit;;;;;
;hrob_N;náhrobní_A;hrabat;;;;;
;Irsko_N;Irčan_N;;;;;;
;jedlička_N;Jedlička_N;jedle;;;;;
;přijet_V;příjezd_N;jet;;;;;
;Králíky_N;králický_A;králík;;;;;
;kukačka_N;kukaččí_A;kukat;;;;;
;lom_N;Lom_N;lámat;;;;;
;vyloučit_V;výluka_N;loučit;;;;;
;otázka_N;otazník_N;otázat;;;;;
;odpálit_V;odpaliště_N;pálit;;;;;
;potopa_N;předpotopní_A;potopit;;;;;
;pravidlo_N;zpravidla_D;pravit;;;;;
;příklad_N;kupříkladu_D;přiložit;;;;;
;příklad_N;bezpříkladný_A;přiložit;;;;;
;vyřídit_V;vyřídilka_N;řídit;;;;;
;sáňky_N;sáňkař_N;saně;;;;;
;separace_N;separatista_N;separovat;;;;;
;sešit_N;sešítek_N;sešít;;;;;
;stopovat_V;stopky_N;stop;;;;;
;neškodný_A;zneškodnit_V;škoda;;;;;
;odškodnit_V;odškodné_N;škoda;;;;;
;zatopit_V;zátop_N;topit;;;;;
;vandrovat_V;vandrovní_A;vandr;;;;;
;Vítek_N;Vítkovec_N;Vít;;;;;
;vozidlo_N;vozidýlko_N;vozit;;;;;
;závěr_N;závěrečný_A;zavřít;;;;;
;obžalovat_V;obžalovaný_N;žalovat;;;;;
\;hrozen_N;Hroznatín_N;;hroznatý;;;;
;běhat_V;nabíhat_V;;;;;;
;řasit_V;řásnit_V;;;;;;
;zachvívat_V;záchvěv_N;;;;;;
;votský_A;Votka_N;;;;;;
;;;;;;
