					
	---------------------------------				
	487 GROUPS FOR RULE COMBINATION: V-it --> N-ení				
					
	balit	balení	V-it --> N-ení		
	balit	balení	V-it --> N-ení		LINK ALREADY PRESENT
					
	bavit	bavení	V-it --> N-ení		
	bavit	bavení	V-it --> N-ení		LINK ALREADY PRESENT
					
	blížit	blížení	V-it --> N-ení		
	blížit	blížení	V-it --> N-ení		LINK ALREADY PRESENT
					
*	boulit	bulení	V-it --> N-ení	CHANGE: ou -> u	
	bulit	bulení	V-it --> N-ení		LINK ALREADY PRESENT
					
	bouřit	bouření	V-it --> N-ení		
	bouřit	bouření	V-it --> N-ení		LINK ALREADY PRESENT
					
	bratřit	bratření	V-it --> N-ení		
	bratřit	bratření	V-it --> N-ení		LINK ALREADY PRESENT
					
	brousit	broušení	V-it --> N-ení	CHANGE: s -> š	
	brousit	broušení	V-it --> N-ení	CHANGE: s -> š	LINK ALREADY PRESENT
					
	bruslit	bruslení	V-it --> N-ení		
	bruslit	bruslení	V-it --> N-ení		LINK ALREADY PRESENT
					
	bájit	bájení	V-it --> N-ení		
	bájit	bájení	V-it --> N-ení		LINK ALREADY PRESENT
					
	bílit	bílení	V-it --> N-ení		
	bílit	bílení	V-it --> N-ení		LINK ALREADY PRESENT
*	bělit	bílení	V-it --> N-ení	CHANGE: ě -> í	
					
*	bílit	bělení	V-it --> N-ení	CHANGE: í -> ě	
	bělit	bělení	V-it --> N-ení		
					
	choulit	choulení	V-it --> N-ení		
	choulit	choulení	V-it --> N-ení		LINK ALREADY PRESENT
					
	chrlit	chrlení	V-it --> N-ení		
	chrlit	chrlení	V-it --> N-ení		LINK ALREADY PRESENT
					
	chválit	chválení	V-it --> N-ení		
	chválit	chválení	V-it --> N-ení		LINK ALREADY PRESENT
					
	cílit	cílení	V-it --> N-ení		
	cílit	cílení	V-it --> N-ení		LINK ALREADY PRESENT
					
*	docelit	docílení	V-it --> N-ení	CHANGE: e -> í	
	docílit	docílení	V-it --> N-ení		
	docílit	docílení	V-it --> N-ení		LINK ALREADY PRESENT
					
	dokončit	dokončení	V-it --> N-ení		
	dokončit	dokončení	V-it --> N-ení		LINK ALREADY PRESENT
					
	dokouřit	dokouření	V-it --> N-ení		
	dokouřit	dokouření	V-it --> N-ení		LINK ALREADY PRESENT
					
	dokreslit	dokreslení	V-it --> N-ení		
	dokreslit	dokreslení	V-it --> N-ení		LINK ALREADY PRESENT
					
	donosit	donošení	V-it --> N-ení	CHANGE: s -> š	
	donosit	donošení	V-it --> N-ení	CHANGE: s -> š	LINK ALREADY PRESENT
					
	doostřit	doostření	V-it --> N-ení		
	doostřit	doostření	V-it --> N-ení		LINK ALREADY PRESENT
					
	doporučit	doporučení	V-it --> N-ení		
	doporučit	doporučení	V-it --> N-ení		LINK ALREADY PRESENT
					
	dorazit	doražení	V-it --> N-ení	CHANGE: z -> ž	
	dorazit	doražení	V-it --> N-ení	CHANGE: z -> ž	LINK ALREADY PRESENT
					
	dusit	dušení	V-it --> N-ení	CHANGE: s -> š	
	dusit	dušení	V-it --> N-ení	CHANGE: s -> š	LINK ALREADY PRESENT
					
	dávit	dávení	V-it --> N-ení		
	dávit	dávení	V-it --> N-ení		LINK ALREADY PRESENT
					
	děsit	děšení	V-it --> N-ení	CHANGE: s -> š	
	děsit	děšení	V-it --> N-ení	CHANGE: s -> š	LINK ALREADY PRESENT
					
	hasit	hašení	V-it --> N-ení	CHANGE: s -> š	
	hasit	hašení	V-it --> N-ení	CHANGE: s -> š	LINK ALREADY PRESENT
					
	hemžit	hemžení	V-it --> N-ení		
	hemžit	hemžení	V-it --> N-ení		LINK ALREADY PRESENT
					
	hloubit	hloubení	V-it --> N-ení		
	hloubit	hloubení	V-it --> N-ení		LINK ALREADY PRESENT
					
	hlásit	hlášení	V-it --> N-ení	CHANGE: s -> š	
	hlásit	hlášení	V-it --> N-ení	CHANGE: s -> š	LINK ALREADY PRESENT
					
*	holit	hulení	V-it --> N-ení	CHANGE: o -> u	
*	houlit	hulení	V-it --> N-ení	CHANGE: ou -> u	
	hulit	hulení	V-it --> N-ení		LINK ALREADY PRESENT
					
	horšit	horšení	V-it --> N-ení		
	horšit	horšení	V-it --> N-ení		LINK ALREADY PRESENT
					
	hospodařit	hospodaření	V-it --> N-ení		
	hospodařit	hospodaření	V-it --> N-ení		LINK ALREADY PRESENT
					
	hrozit	hrození	V-it --> N-ení		
	hrozit	hrození	V-it --> N-ení		LINK ALREADY PRESENT
					
	jančit	jančení	V-it --> N-ení		
	jančit	jančení	V-it --> N-ení		LINK ALREADY PRESENT
					
	jiskřit	jiskření	V-it --> N-ení		
	jiskřit	jiskření	V-it --> N-ení		LINK ALREADY PRESENT
					
	kazit	kažení	V-it --> N-ení	CHANGE: z -> ž	
	kazit	kažení	V-it --> N-ení	CHANGE: z -> ž	LINK ALREADY PRESENT
					
	klábosit	klábosení	V-it --> N-ení		
	klábosit	klábosení	V-it --> N-ení		LINK ALREADY PRESENT
					
	klíčit	klíčení	V-it --> N-ení		
	klíčit	klíčení	V-it --> N-ení		LINK ALREADY PRESENT
					
	klížit	klížení	V-it --> N-ení		
	klížit	klížení	V-it --> N-ení		LINK ALREADY PRESENT
					
	konejšit	konejšení	V-it --> N-ení		
	konejšit	konejšení	V-it --> N-ení		LINK ALREADY PRESENT
					
	končit	končení	V-it --> N-ení		
	končit	končení	V-it --> N-ení		LINK ALREADY PRESENT
					
	kosit	kosení	V-it --> N-ení		
	kosit	kosení	V-it --> N-ení		LINK ALREADY PRESENT
					
	koupit	koupení	V-it --> N-ení		
	kupit	koupení	V-it --> N-ení	CHANGE: u -> ou	
					
*	koupit	kupení	V-it --> N-ení	CHANGE: ou -> u	
	kupit	kupení	V-it --> N-ení		LINK ALREADY PRESENT
					
	kouzlit	kouzlení	V-it --> N-ení		
	kouzlit	kouzlení	V-it --> N-ení		LINK ALREADY PRESENT
					
	kouřit	kouření	V-it --> N-ení		
	kouřit	kouření	V-it --> N-ení		LINK ALREADY PRESENT
					
	kreslit	kreslení	V-it --> N-ení		
	kreslit	kreslení	V-it --> N-ení		LINK ALREADY PRESENT
					
	kroužit	kroužení	V-it --> N-ení		
	kroužit	kroužení	V-it --> N-ení		LINK ALREADY PRESENT
					
	kurvit	kurvení	V-it --> N-ení		
	kurvit	kurvení	V-it --> N-ení		LINK ALREADY PRESENT
					
	kvasit	kvašení	V-it --> N-ení	CHANGE: s -> š	
	kvasit	kvašení	V-it --> N-ení	CHANGE: s -> š	LINK ALREADY PRESENT
					
	křísit	kříšení	V-it --> N-ení	CHANGE: s -> š	
	křísit	kříšení	V-it --> N-ení	CHANGE: s -> š	LINK ALREADY PRESENT
					
	křížit	křížení	V-it --> N-ení		
	křížit	křížení	V-it --> N-ení		LINK ALREADY PRESENT
					
	loupit	loupení	V-it --> N-ení		
	loupit	loupení	V-it --> N-ení		LINK ALREADY PRESENT
					
	loučit	loučení	V-it --> N-ení		
	loučit	loučení	V-it --> N-ení		LINK ALREADY PRESENT
					
*	lozit	ložení	V-it --> N-ení	CHANGE: z -> ž	
	ložit	ložení	V-it --> N-ení		LINK ALREADY PRESENT
					
*	léčit	líčení	V-it --> N-ení	CHANGE: é -> í	
*	lícit	líčení	V-it --> N-ení	CHANGE: c -> č	
	líčit	líčení	V-it --> N-ení		
	líčit	líčení	V-it --> N-ení		LINK ALREADY PRESENT
					
	líbit	líbení	V-it --> N-ení		
	líbit	líbení	V-it --> N-ení		LINK ALREADY PRESENT
					
	lícit	lícení	V-it --> N-ení		
	lícit	lícení	V-it --> N-ení		LINK ALREADY PRESENT
					
	mazlit	mazlení	V-it --> N-ení		
	mazlit	mazlení	V-it --> N-ení		LINK ALREADY PRESENT
					
	mluvit	mluvení	V-it --> N-ení		
	mluvit	mluvení	V-it --> N-ení		LINK ALREADY PRESENT
					
	modlit	modlení	V-it --> N-ení		
	modlit	modlení	V-it --> N-ení		LINK ALREADY PRESENT
					
*	močit	mučení	V-it --> N-ení	CHANGE: o -> u	
	mučit	mučení	V-it --> N-ení		
	mučit	mučení	V-it --> N-ení		LINK ALREADY PRESENT
					
	mrazit	mrazení	V-it --> N-ení		
	mrazit	mrazení	V-it --> N-ení		LINK ALREADY PRESENT
					
	mrazit	mražení	V-it --> N-ení	CHANGE: z -> ž	
	mrazit	mražení	V-it --> N-ení	CHANGE: z -> ž	LINK ALREADY PRESENT
					
	mámit	mámení	V-it --> N-ení		
	mámit	mámení	V-it --> N-ení		LINK ALREADY PRESENT
					
	mísit	mísení	V-it --> N-ení		
	mísit	mísení	V-it --> N-ení		LINK ALREADY PRESENT
					
	mísit	míšení	V-it --> N-ení	CHANGE: s -> š	
	mísit	míšení	V-it --> N-ení	CHANGE: s -> š	LINK ALREADY PRESENT
					
	mířit	míření	V-it --> N-ení		
*	měřit	míření	V-it --> N-ení	CHANGE: ě -> í	
					
*	mířit	měření	V-it --> N-ení	CHANGE: í -> ě	
	měřit	měření	V-it --> N-ení		LINK ALREADY PRESENT
					
	nabrousit	nabroušení	V-it --> N-ení	CHANGE: s -> š	
	nabrousit	nabroušení	V-it --> N-ení	CHANGE: s -> š	LINK ALREADY PRESENT
					
	nachýlit	nachýlení	V-it --> N-ení		
	nachýlit	nachýlení	V-it --> N-ení		LINK ALREADY PRESENT
					
	nahloučit	nahloučení	V-it --> N-ení		
	nahloučit	nahloučení	V-it --> N-ení		LINK ALREADY PRESENT
					
	nahlásit	nahlášení	V-it --> N-ení	CHANGE: s -> š	
	nahlásit	nahlášení	V-it --> N-ení	CHANGE: s -> š	LINK ALREADY PRESENT
					
	nakazit	nakažení	V-it --> N-ení	CHANGE: z -> ž	
	nakazit	nakažení	V-it --> N-ení	CHANGE: z -> ž	LINK ALREADY PRESENT
					
	nakoupit	nakoupení	V-it --> N-ení		
	nakoupit	nakoupení	V-it --> N-ení		LINK ALREADY PRESENT
*	nakupit	nakoupení	V-it --> N-ení	CHANGE: u -> ou	
					
*	nakoupit	nakupení	V-it --> N-ení	CHANGE: ou -> u	
	nakupit	nakupení	V-it --> N-ení		LINK ALREADY PRESENT
					
	nakreslit	nakreslení	V-it --> N-ení		
	nakreslit	nakreslení	V-it --> N-ení		LINK ALREADY PRESENT
					
*	nalozit	naložení	V-it --> N-ení	CHANGE: z -> ž	
	naložit	naložení	V-it --> N-ení		LINK ALREADY PRESENT
					
	nalíčit	nalíčení	V-it --> N-ení		
	nalíčit	nalíčení	V-it --> N-ení		LINK ALREADY PRESENT
					
	namydlit	namydlení	V-it --> N-ení		
	namydlit	namydlení	V-it --> N-ení		LINK ALREADY PRESENT
					
	namířit	namíření	V-it --> N-ení		
	namířit	namíření	V-it --> N-ení		LINK ALREADY PRESENT
*	naměřit	namíření	V-it --> N-ení	CHANGE: ě -> í	
					
*	namířit	naměření	V-it --> N-ení	CHANGE: í -> ě	
	naměřit	naměření	V-it --> N-ení		LINK ALREADY PRESENT
					
	napálit	napálení	V-it --> N-ení		
	napálit	napálení	V-it --> N-ení		LINK ALREADY PRESENT
					
	napřímit	napřímení	V-it --> N-ení		
	napřímit	napřímení	V-it --> N-ení		LINK ALREADY PRESENT
					
	narazit	naražení	V-it --> N-ení	CHANGE: z -> ž	
	narazit	naražení	V-it --> N-ení	CHANGE: z -> ž	LINK ALREADY PRESENT
					
	nastoupit	nastoupení	V-it --> N-ení		
	nastoupit	nastoupení	V-it --> N-ení		LINK ALREADY PRESENT
					
	nasvětlit	nasvětlení	V-it --> N-ení		
	nasvětlit	nasvětlení	V-it --> N-ení		LINK ALREADY PRESENT
					
	navlhčit	navlhčení	V-it --> N-ení		
	navlhčit	navlhčení	V-it --> N-ení		LINK ALREADY PRESENT
					
	navýšit	navýšení	V-it --> N-ení		
	navýšit	navýšení	V-it --> N-ení		LINK ALREADY PRESENT
					
	navštívit	navštívení	V-it --> N-ení		
	navštívit	navštívení	V-it --> N-ení		LINK ALREADY PRESENT
					
	ničit	ničení	V-it --> N-ení		
	ničit	ničení	V-it --> N-ení		LINK ALREADY PRESENT
					
	nosit	nošení	V-it --> N-ení	CHANGE: s -> š	
	nosit	nošení	V-it --> N-ení	CHANGE: s -> š	LINK ALREADY PRESENT
					
	nížit	nížení	V-it --> N-ení		
	nížit	nížení	V-it --> N-ení		LINK ALREADY PRESENT
					
	obeznámit	obeznámení	V-it --> N-ení		
	obeznámit	obeznámení	V-it --> N-ení		LINK ALREADY PRESENT
					
	obhájit	obhájení	V-it --> N-ení		
	obhájit	obhájení	V-it --> N-ení		LINK ALREADY PRESENT
					
	objevit	objevení	V-it --> N-ení		
	objevit	objevení	V-it --> N-ení		LINK ALREADY PRESENT
					
	obklíčit	obklíčení	V-it --> N-ení		
	obklíčit	obklíčení	V-it --> N-ení		LINK ALREADY PRESENT
					
	obkroužit	obkroužení	V-it --> N-ení		
	obkroužit	obkroužení	V-it --> N-ení		LINK ALREADY PRESENT
					
	oblíbit	oblíbení	V-it --> N-ení		
	oblíbit	oblíbení	V-it --> N-ení		LINK ALREADY PRESENT
					
	obrousit	obroušení	V-it --> N-ení	CHANGE: s -> š	
	obrousit	obroušení	V-it --> N-ení	CHANGE: s -> š	LINK ALREADY PRESENT
					
	obsloužit	obsloužení	V-it --> N-ení		
	obsloužit	obsloužení	V-it --> N-ení		LINK ALREADY PRESENT
					
	obstoupit	obstoupení	V-it --> N-ení		
	obstoupit	obstoupení	V-it --> N-ení		LINK ALREADY PRESENT
					
	obtížit	obtížení	V-it --> N-ení		
	obtížit	obtížení	V-it --> N-ení		LINK ALREADY PRESENT
					
	oběsit	oběšení	V-it --> N-ení	CHANGE: s -> š	
	oběsit	oběšení	V-it --> N-ení	CHANGE: s -> š	LINK ALREADY PRESENT
					
	odchýlit	odchýlení	V-it --> N-ení		
	odchýlit	odchýlení	V-it --> N-ení		LINK ALREADY PRESENT
					
	odcizit	odcizení	V-it --> N-ení		
	odcizit	odcizení	V-it --> N-ení		LINK ALREADY PRESENT
					
	oddálit	oddálení	V-it --> N-ení		
	oddálit	oddálení	V-it --> N-ení		LINK ALREADY PRESENT
					
	odhlásit	odhlášení	V-it --> N-ení	CHANGE: s -> š	
	odhlásit	odhlášení	V-it --> N-ení	CHANGE: s -> š	LINK ALREADY PRESENT
					
	odkoupit	odkoupení	V-it --> N-ení		
	odkoupit	odkoupení	V-it --> N-ení		LINK ALREADY PRESENT
					
	odkyselit	odkyselení	V-it --> N-ení		
	odkyselit	odkyselení	V-it --> N-ení		LINK ALREADY PRESENT
					
	odlehčit	odlehčení	V-it --> N-ení		
	odlehčit	odlehčení	V-it --> N-ení		LINK ALREADY PRESENT
					
	odloučit	odloučení	V-it --> N-ení		
	odloučit	odloučení	V-it --> N-ení		LINK ALREADY PRESENT
					
	odmrazit	odmrazení	V-it --> N-ení		
	odmrazit	odmrazení	V-it --> N-ení		LINK ALREADY PRESENT
					
	odpálit	odpálení	V-it --> N-ení		
	odpálit	odpálení	V-it --> N-ení		LINK ALREADY PRESENT
					
	odrazit	odražení	V-it --> N-ení	CHANGE: z -> ž	
	odrazit	odražení	V-it --> N-ení	CHANGE: z -> ž	LINK ALREADY PRESENT
					
	odskočit	odskočení	V-it --> N-ení		
	odskočit	odskočení	V-it --> N-ení		LINK ALREADY PRESENT
					
	odsloužit	odsloužení	V-it --> N-ení		
	odsloužit	odsloužení	V-it --> N-ení		LINK ALREADY PRESENT
					
	odstřelit	odstřelení	V-it --> N-ení		
	odstřelit	odstřelení	V-it --> N-ení		LINK ALREADY PRESENT
					
	odzbrojit	odzbrojení	V-it --> N-ení		
	odzbrojit	odzbrojení	V-it --> N-ení		LINK ALREADY PRESENT
					
	ohlásit	ohlášení	V-it --> N-ení	CHANGE: s -> š	
	ohlásit	ohlášení	V-it --> N-ení	CHANGE: s -> š	LINK ALREADY PRESENT
					
	ohrozit	ohrožení	V-it --> N-ení	CHANGE: z -> ž	
	ohrozit	ohrožení	V-it --> N-ení	CHANGE: z -> ž	LINK ALREADY PRESENT
					
	okouzlit	okouzlení	V-it --> N-ení		
	okouzlit	okouzlení	V-it --> N-ení		LINK ALREADY PRESENT
					
	okrášlit	okrášlení	V-it --> N-ení		
	okrášlit	okrášlení	V-it --> N-ení		LINK ALREADY PRESENT
					
	okřídlit	okřídlení	V-it --> N-ení		
	okřídlit	okřídlení	V-it --> N-ení		LINK ALREADY PRESENT
					
	oloupit	oloupení	V-it --> N-ení		
	oloupit	oloupení	V-it --> N-ení		LINK ALREADY PRESENT
					
	omezit	omezení	V-it --> N-ení		
	omezit	omezení	V-it --> N-ení		LINK ALREADY PRESENT
					
	omluvit	omluvení	V-it --> N-ení		
	omluvit	omluvení	V-it --> N-ení		LINK ALREADY PRESENT
					
	omráčit	omráčení	V-it --> N-ení		
	omráčit	omráčení	V-it --> N-ení		LINK ALREADY PRESENT
					
	omámit	omámení	V-it --> N-ení		
	omámit	omámení	V-it --> N-ení		LINK ALREADY PRESENT
					
	opatřit	opatření	V-it --> N-ení		
	opatřit	opatření	V-it --> N-ení		LINK ALREADY PRESENT
					
	opovážit	opovážení	V-it --> N-ení		
	opovážit	opovážení	V-it --> N-ení		LINK ALREADY PRESENT
					
	opravit	opravení	V-it --> N-ení		
	opravit	opravení	V-it --> N-ení		LINK ALREADY PRESENT
					
	oprášit	oprášení	V-it --> N-ení		
	oprášit	oprášení	V-it --> N-ení		LINK ALREADY PRESENT
					
	opálit	opálení	V-it --> N-ení		
	opálit	opálení	V-it --> N-ení		LINK ALREADY PRESENT
					
	orosit	orosení	V-it --> N-ení		
	orosit	orosení	V-it --> N-ení		LINK ALREADY PRESENT
					
	ostřit	ostření	V-it --> N-ení		
	ostřit	ostření	V-it --> N-ení		LINK ALREADY PRESENT
					
	osvětlit	osvětlení	V-it --> N-ení		
	osvětlit	osvětlení	V-it --> N-ení		LINK ALREADY PRESENT
					
	osídlit	osídlení	V-it --> N-ení		
	osídlit	osídlení	V-it --> N-ení		LINK ALREADY PRESENT
					
	oteplit	oteplení	V-it --> N-ení		
	oteplit	oteplení	V-it --> N-ení		LINK ALREADY PRESENT
					
	otočit	otočení	V-it --> N-ení		
	otočit	otočení	V-it --> N-ení		LINK ALREADY PRESENT
					
	otrávit	otrávení	V-it --> N-ení		
	otrávit	otrávení	V-it --> N-ení		LINK ALREADY PRESENT
					
	ověsit	ověšení	V-it --> N-ení	CHANGE: s -> š	
	ověsit	ověšení	V-it --> N-ení	CHANGE: s -> š	LINK ALREADY PRESENT
					
	oznámit	oznámení	V-it --> N-ení		
	oznámit	oznámení	V-it --> N-ení		LINK ALREADY PRESENT
					
	ozářit	ozáření	V-it --> N-ení		
	ozářit	ozáření	V-it --> N-ení		LINK ALREADY PRESENT
					
	ošetřit	ošetření	V-it --> N-ení		
	ošetřit	ošetření	V-it --> N-ení		LINK ALREADY PRESENT
					
	ošálit	ošálení	V-it --> N-ení		
	ošálit	ošálení	V-it --> N-ení		LINK ALREADY PRESENT
					
	patřit	patření	V-it --> N-ení		
	patřit	patření	V-it --> N-ení		LINK ALREADY PRESENT
					
	pařit	paření	V-it --> N-ení		LINK ALREADY PRESENT
*	pářit	paření	V-it --> N-ení	CHANGE: á -> a	
					
*	pařit	páření	V-it --> N-ení	CHANGE: a -> á	
	pářit	páření	V-it --> N-ení		
	pářit	páření	V-it --> N-ení		LINK ALREADY PRESENT
					
	plazit	plazení	V-it --> N-ení		
	plazit	plazení	V-it --> N-ení		LINK ALREADY PRESENT
					
	ploužit	ploužení	V-it --> N-ení		LINK ALREADY PRESENT
*	plužit	ploužení	V-it --> N-ení	CHANGE: u -> ou	
					
	plížit	plížení	V-it --> N-ení		
	plížit	plížení	V-it --> N-ení		LINK ALREADY PRESENT
					
	pobouřit	pobouření	V-it --> N-ení		
	pobouřit	pobouření	V-it --> N-ení		LINK ALREADY PRESENT
					
	podpálit	podpálení	V-it --> N-ení		
	podpálit	podpálení	V-it --> N-ení		LINK ALREADY PRESENT
					
	podrazit	podražení	V-it --> N-ení	CHANGE: z -> ž	
	podražit	podražení	V-it --> N-ení		LINK ALREADY PRESENT
					
	podstoupit	podstoupení	V-it --> N-ení		
	podstoupit	podstoupení	V-it --> N-ení		LINK ALREADY PRESENT
					
	poděsit	poděšení	V-it --> N-ení	CHANGE: s -> š	
	poděsit	poděšení	V-it --> N-ení	CHANGE: s -> š	LINK ALREADY PRESENT
					
	pohoršit	pohoršení	V-it --> N-ení		
	pohoršit	pohoršení	V-it --> N-ení		LINK ALREADY PRESENT
					
	pohroužit	pohroužení	V-it --> N-ení		
	pohroužit	pohroužení	V-it --> N-ení		LINK ALREADY PRESENT
					
	pokazit	pokažení	V-it --> N-ení	CHANGE: z -> ž	
	pokazit	pokažení	V-it --> N-ení	CHANGE: z -> ž	LINK ALREADY PRESENT
					
	pokusit	pokušení	V-it --> N-ení	CHANGE: s -> š	
	pokusit	pokušení	V-it --> N-ení	CHANGE: s -> š	LINK ALREADY PRESENT
					
	polepšit	polepšení	V-it --> N-ení		
	polepšit	polepšení	V-it --> N-ení		LINK ALREADY PRESENT
					
	políbit	políbení	V-it --> N-ení		
	políbit	políbení	V-it --> N-ení		LINK ALREADY PRESENT
					
	pomazlit	pomazlení	V-it --> N-ení		
	pomazlit	pomazlení	V-it --> N-ení		LINK ALREADY PRESENT
					
	pomodlit	pomodlení	V-it --> N-ení		
	pomodlit	pomodlení	V-it --> N-ení		LINK ALREADY PRESENT
					
	pomýlit	pomýlení	V-it --> N-ení		
	pomýlit	pomýlení	V-it --> N-ení		LINK ALREADY PRESENT
					
	ponížit	ponížení	V-it --> N-ení		
	ponížit	ponížení	V-it --> N-ení		LINK ALREADY PRESENT
					
	poprášit	poprášení	V-it --> N-ení		
	poprášit	poprášení	V-it --> N-ení		LINK ALREADY PRESENT
					
	popálit	popálení	V-it --> N-ení		
	popálit	popálení	V-it --> N-ení		LINK ALREADY PRESENT
					
	porazit	poražení	V-it --> N-ení	CHANGE: z -> ž	
	porazit	poražení	V-it --> N-ení	CHANGE: z -> ž	LINK ALREADY PRESENT
					
	pospíšit	pospíšení	V-it --> N-ení		
	pospíšit	pospíšení	V-it --> N-ení		LINK ALREADY PRESENT
					
	postavit	postavení	V-it --> N-ení		
	postavit	postavení	V-it --> N-ení		LINK ALREADY PRESENT
					
	postoupit	postoupení	V-it --> N-ení		
	postoupit	postoupení	V-it --> N-ení		LINK ALREADY PRESENT
					
	postříbřit	postříbření	V-it --> N-ení		
	postříbřit	postříbření	V-it --> N-ení		LINK ALREADY PRESENT
					
*	potopit	potupení	V-it --> N-ení	CHANGE: o -> u	
	potupit	potupení	V-it --> N-ení		LINK ALREADY PRESENT
					
	poulit	poulení	V-it --> N-ení		
	poulit	poulení	V-it --> N-ení		LINK ALREADY PRESENT
					
	poučit	poučení	V-it --> N-ení		LINK ALREADY PRESENT
*	pučit	poučení	V-it --> N-ení	CHANGE: u -> ou	
					
*	poučit	pučení	V-it --> N-ení	CHANGE: ou -> u	
	pučit	pučení	V-it --> N-ení		
					
	povýšit	povýšení	V-it --> N-ení		
	povýšit	povýšení	V-it --> N-ení		LINK ALREADY PRESENT
					
	pověsit	pověšení	V-it --> N-ení	CHANGE: s -> š	
	pověsit	pověšení	V-it --> N-ení	CHANGE: s -> š	LINK ALREADY PRESENT
					
	pozastavit	pozastavení	V-it --> N-ení		
	pozastavit	pozastavení	V-it --> N-ení		LINK ALREADY PRESENT
					
	prodloužit	prodloužení	V-it --> N-ení		
	prodloužit	prodloužení	V-it --> N-ení		LINK ALREADY PRESENT
					
	prohloubit	prohloubení	V-it --> N-ení		
	prohloubit	prohloubení	V-it --> N-ení		LINK ALREADY PRESENT
					
	prohlásit	prohlášení	V-it --> N-ení	CHANGE: s -> š	
	prohlásit	prohlášení	V-it --> N-ení	CHANGE: s -> š	LINK ALREADY PRESENT
					
	prokreslit	prokreslení	V-it --> N-ení		
	prokreslit	prokreslení	V-it --> N-ení		LINK ALREADY PRESENT
					
	promísit	promísení	V-it --> N-ení		
	promísit	promísení	V-it --> N-ení		LINK ALREADY PRESENT
					
	promísit	promíšení	V-it --> N-ení	CHANGE: s -> š	
	promísit	promíšení	V-it --> N-ení	CHANGE: s -> š	LINK ALREADY PRESENT
					
	propálit	propálení	V-it --> N-ení		
	propálit	propálení	V-it --> N-ení		LINK ALREADY PRESENT
					
	prorazit	proražení	V-it --> N-ení	CHANGE: z -> ž	
	prorazit	proražení	V-it --> N-ení	CHANGE: z -> ž	LINK ALREADY PRESENT
					
	prosit	prošení	V-it --> N-ení	CHANGE: s -> š	
	prosit	prošení	V-it --> N-ení	CHANGE: s -> š	LINK ALREADY PRESENT
					
	prostoupit	prostoupení	V-it --> N-ení		
	prostoupit	prostoupení	V-it --> N-ení		LINK ALREADY PRESENT
					
	prosvětlit	prosvětlení	V-it --> N-ení		
	prosvětlit	prosvětlení	V-it --> N-ení		LINK ALREADY PRESENT
					
	proteplit	proteplení	V-it --> N-ení		
	proteplit	proteplení	V-it --> N-ení		LINK ALREADY PRESENT
					
	prozářit	prozáření	V-it --> N-ení		
	prozářit	prozáření	V-it --> N-ení		LINK ALREADY PRESENT
					
	prošetřit	prošetření	V-it --> N-ení		
	prošetřit	prošetření	V-it --> N-ení		LINK ALREADY PRESENT
					
	prášit	prášení	V-it --> N-ení		
	prášit	prášení	V-it --> N-ení		LINK ALREADY PRESENT
					
	pálit	pálení	V-it --> N-ení		
	pálit	pálení	V-it --> N-ení		LINK ALREADY PRESENT
					
	páčit	páčení	V-it --> N-ení		
	páčit	páčení	V-it --> N-ení		LINK ALREADY PRESENT
					
	předložit	předložení	V-it --> N-ení		
	předložit	předložení	V-it --> N-ení		LINK ALREADY PRESENT
					
*	předložit	předlužení	V-it --> N-ení	CHANGE: o -> u	
	předlužit	předlužení	V-it --> N-ení		LINK ALREADY PRESENT
					
	předstoupit	předstoupení	V-it --> N-ení		
	předstoupit	předstoupení	V-it --> N-ení		LINK ALREADY PRESENT
					
	předurčit	předurčení	V-it --> N-ení		
	předurčit	předurčení	V-it --> N-ení		LINK ALREADY PRESENT
					
	překazit	překažení	V-it --> N-ení	CHANGE: z -> ž	
	překazit	překažení	V-it --> N-ení	CHANGE: z -> ž	LINK ALREADY PRESENT
					
	překreslit	překreslení	V-it --> N-ení		
	překreslit	překreslení	V-it --> N-ení		LINK ALREADY PRESENT
					
	překřížit	překřížení	V-it --> N-ení		
	překřížit	překřížení	V-it --> N-ení		LINK ALREADY PRESENT
					
	přeléčit	přeléčení	V-it --> N-ení		
	přeléčit	přeléčení	V-it --> N-ení		LINK ALREADY PRESENT
					
*	přeléčit	přelíčení	V-it --> N-ení	CHANGE: é -> í	
	přelíčit	přelíčení	V-it --> N-ení		LINK ALREADY PRESENT
					
	přepálit	přepálení	V-it --> N-ení		
	přepálit	přepálení	V-it --> N-ení		LINK ALREADY PRESENT
					
*	přerazit	přeražení	V-it --> N-ení	CHANGE: z -> ž	
	přerazit	přeražení	V-it --> N-ení	CHANGE: z -> ž	LINK ALREADY PRESENT
					
	přerušit	přerušení	V-it --> N-ení		
	přerušit	přerušení	V-it --> N-ení		LINK ALREADY PRESENT
					
	přestoupit	přestoupení	V-it --> N-ení		
	přestoupit	přestoupení	V-it --> N-ení		LINK ALREADY PRESENT
					
	přesvědčit	přesvědčení	V-it --> N-ení		
	přesvědčit	přesvědčení	V-it --> N-ení		LINK ALREADY PRESENT
					
	přesídlit	přesídlení	V-it --> N-ení		
	přesídlit	přesídlení	V-it --> N-ení		LINK ALREADY PRESENT
					
	přetížit	přetížení	V-it --> N-ení		
	přetížit	přetížení	V-it --> N-ení		LINK ALREADY PRESENT
					
	převýšit	převýšení	V-it --> N-ení		
	převýšit	převýšení	V-it --> N-ení		LINK ALREADY PRESENT
					
	přezářit	přezáření	V-it --> N-ení		
	přezářit	přezáření	V-it --> N-ení		LINK ALREADY PRESENT
					
	přečíslit	přečíslení	V-it --> N-ení		
	přečíslit	přečíslení	V-it --> N-ení		LINK ALREADY PRESENT
					
	přešetřit	přešetření	V-it --> N-ení		
	přešetřit	přešetření	V-it --> N-ení		LINK ALREADY PRESENT
					
	přiblížit	přiblížení	V-it --> N-ení		
	přiblížit	přiblížení	V-it --> N-ení		LINK ALREADY PRESENT
					
	přidusit	přidušení	V-it --> N-ení	CHANGE: s -> š	
	přidusit	přidušení	V-it --> N-ení	CHANGE: s -> š	LINK ALREADY PRESENT
					
	přihlásit	přihlášení	V-it --> N-ení	CHANGE: s -> š	
	přihlásit	přihlášení	V-it --> N-ení	CHANGE: s -> š	LINK ALREADY PRESENT
					
	přikrášlit	přikrášlení	V-it --> N-ení		
	přikrášlit	přikrášlení	V-it --> N-ení		LINK ALREADY PRESENT
					
	přimhouřit	přimhouření	V-it --> N-ení		
	přimhouřit	přimhouření	V-it --> N-ení		LINK ALREADY PRESENT
					
	přimrazit	přimrazení	V-it --> N-ení		
	přimrazit	přimrazení	V-it --> N-ení		LINK ALREADY PRESENT
					
	přimrazit	přimražení	V-it --> N-ení	CHANGE: z -> ž	
	přimrazit	přimražení	V-it --> N-ení	CHANGE: z -> ž	LINK ALREADY PRESENT
					
	přimísit	přimísení	V-it --> N-ení		
	přimísit	přimísení	V-it --> N-ení		LINK ALREADY PRESENT
					
	přimísit	přimíšení	V-it --> N-ení	CHANGE: s -> š	
	přimísit	přimíšení	V-it --> N-ení	CHANGE: s -> š	LINK ALREADY PRESENT
					
	přiostřit	přiostření	V-it --> N-ení		
	přiostřit	přiostření	V-it --> N-ení		LINK ALREADY PRESENT
					
	přiotrávit	přiotrávení	V-it --> N-ení		
	přiotrávit	přiotrávení	V-it --> N-ení		LINK ALREADY PRESENT
					
	připálit	připálení	V-it --> N-ení		
	připálit	připálení	V-it --> N-ení		LINK ALREADY PRESENT
					
	přirazit	přiražení	V-it --> N-ení	CHANGE: z -> ž	
	přirazit	přiražení	V-it --> N-ení	CHANGE: z -> ž	LINK ALREADY PRESENT
					
	přislíbit	přislíbení	V-it --> N-ení		
	přislíbit	přislíbení	V-it --> N-ení		LINK ALREADY PRESENT
					
	přistoupit	přistoupení	V-it --> N-ení		
	přistoupit	přistoupení	V-it --> N-ení		LINK ALREADY PRESENT
					
	přivábit	přivábení	V-it --> N-ení		
	přivábit	přivábení	V-it --> N-ení		LINK ALREADY PRESENT
					
	přizpůsobit	přizpůsobení	V-it --> N-ení		
	přizpůsobit	přizpůsobení	V-it --> N-ení		LINK ALREADY PRESENT
					
	přišpendlit	přišpendlení	V-it --> N-ení		
	přišpendlit	přišpendlení	V-it --> N-ení		LINK ALREADY PRESENT
					
	půjčit	půjčení	V-it --> N-ení		
	půjčit	půjčení	V-it --> N-ení		LINK ALREADY PRESENT
					
	půlit	půlení	V-it --> N-ení		
	půlit	půlení	V-it --> N-ení		LINK ALREADY PRESENT
					
	působit	působení	V-it --> N-ení		
	působit	působení	V-it --> N-ení		LINK ALREADY PRESENT
					
	razit	ražení	V-it --> N-ení	CHANGE: z -> ž	
	razit	ražení	V-it --> N-ení	CHANGE: z -> ž	LINK ALREADY PRESENT
					
	rdousit	rdoušení	V-it --> N-ení	CHANGE: s -> š	
	rdousit	rdoušení	V-it --> N-ení	CHANGE: s -> š	LINK ALREADY PRESENT
					
	rozbouřit	rozbouření	V-it --> N-ení		
	rozbouřit	rozbouření	V-it --> N-ení		LINK ALREADY PRESENT
					
	rozdělit	rozdělení	V-it --> N-ení		
	rozdělit	rozdělení	V-it --> N-ení		LINK ALREADY PRESENT
					
	rozestoupit	rozestoupení	V-it --> N-ení		
	rozestoupit	rozestoupení	V-it --> N-ení		LINK ALREADY PRESENT
					
	rozhorlit	rozhorlení	V-it --> N-ení		
	rozhorlit	rozhorlení	V-it --> N-ení		LINK ALREADY PRESENT
					
	rozjitřit	rozjitření	V-it --> N-ení		
	rozjitřit	rozjitření	V-it --> N-ení		LINK ALREADY PRESENT
					
	rozkurážit	rozkurážení	V-it --> N-ení		
	rozkurážit	rozkurážení	V-it --> N-ení		LINK ALREADY PRESENT
					
	rozloučit	rozloučení	V-it --> N-ení		
	rozloučit	rozloučení	V-it --> N-ení		LINK ALREADY PRESENT
					
	rozmazlit	rozmazlení	V-it --> N-ení		
	rozmazlit	rozmazlení	V-it --> N-ení		LINK ALREADY PRESENT
					
	rozmrazit	rozmrazení	V-it --> N-ení		
	rozmrazit	rozmrazení	V-it --> N-ení		LINK ALREADY PRESENT
					
	rozmrazit	rozmražení	V-it --> N-ení	CHANGE: z -> ž	
	rozmrazit	rozmražení	V-it --> N-ení	CHANGE: z -> ž	LINK ALREADY PRESENT
					
	rozostřit	rozostření	V-it --> N-ení		
	rozostřit	rozostření	V-it --> N-ení		LINK ALREADY PRESENT
					
	rozprášit	rozprášení	V-it --> N-ení		
	rozprášit	rozprášení	V-it --> N-ení		LINK ALREADY PRESENT
					
	rozptýlit	rozptýlení	V-it --> N-ení		
	rozptýlit	rozptýlení	V-it --> N-ení		LINK ALREADY PRESENT
					
	rozpálit	rozpálení	V-it --> N-ení		
	rozpálit	rozpálení	V-it --> N-ení		LINK ALREADY PRESENT
					
	rozpůlit	rozpůlení	V-it --> N-ení		
	rozpůlit	rozpůlení	V-it --> N-ení		LINK ALREADY PRESENT
					
	roztrousit	roztroušení	V-it --> N-ení	CHANGE: s -> š	
	roztrousit	roztroušení	V-it --> N-ení	CHANGE: s -> š	LINK ALREADY PRESENT
					
	roztrpčit	roztrpčení	V-it --> N-ení		
	roztrpčit	roztrpčení	V-it --> N-ení		LINK ALREADY PRESENT
					
	rozvzteklit	rozvzteklení	V-it --> N-ení		
	rozvzteklit	rozvzteklení	V-it --> N-ení		LINK ALREADY PRESENT
					
	rozvířit	rozvíření	V-it --> N-ení		
	rozvířit	rozvíření	V-it --> N-ení		LINK ALREADY PRESENT
					
	rozvěsit	rozvěšení	V-it --> N-ení	CHANGE: s -> š	
	rozvěsit	rozvěšení	V-it --> N-ení	CHANGE: s -> š	LINK ALREADY PRESENT
					
	rozzářit	rozzáření	V-it --> N-ení		
	rozzářit	rozzáření	V-it --> N-ení		LINK ALREADY PRESENT
					
	rozčilit	rozčilení	V-it --> N-ení		
*	rozčílit	rozčilení	V-it --> N-ení	CHANGE: í -> i	
*	rozčílit	rozčilení	V-it --> N-ení	CHANGE: í -> i	LINK ALREADY PRESENT
					
	rozšířit	rozšíření	V-it --> N-ení		
	rozšířit	rozšíření	V-it --> N-ení		LINK ALREADY PRESENT
					
	ručit	ručení	V-it --> N-ení		
	ručit	ručení	V-it --> N-ení		LINK ALREADY PRESENT
					
	rychlit	rychlení	V-it --> N-ení		
	rychlit	rychlení	V-it --> N-ení		LINK ALREADY PRESENT
					
	rámusit	rámusení	V-it --> N-ení		
	rámusit	rámusení	V-it --> N-ení		LINK ALREADY PRESENT
					
	sblížit	sblížení	V-it --> N-ení		
	sblížit	sblížení	V-it --> N-ení		LINK ALREADY PRESENT
					
	schoulit	schoulení	V-it --> N-ení		
	schoulit	schoulení	V-it --> N-ení		LINK ALREADY PRESENT
					
	schválit	schválení	V-it --> N-ení		
	schválit	schválení	V-it --> N-ení		LINK ALREADY PRESENT
					
	schýlit	schýlení	V-it --> N-ení		
	schýlit	schýlení	V-it --> N-ení		LINK ALREADY PRESENT
					
	sdělit	sdělení	V-it --> N-ení		
	sdělit	sdělení	V-it --> N-ení		LINK ALREADY PRESENT
					
	sestoupit	sestoupení	V-it --> N-ení		
	sestoupit	sestoupení	V-it --> N-ení		LINK ALREADY PRESENT
					
	seznámit	seznámení	V-it --> N-ení		
	seznámit	seznámení	V-it --> N-ení		LINK ALREADY PRESENT
					
	sklíčit	sklíčení	V-it --> N-ení		
	sklíčit	sklíčení	V-it --> N-ení		LINK ALREADY PRESENT
					
	skončit	skončení	V-it --> N-ení		
	skončit	skončení	V-it --> N-ení		LINK ALREADY PRESENT
					
	skoupit	skoupení	V-it --> N-ení		
	skoupit	skoupení	V-it --> N-ení		LINK ALREADY PRESENT
					
	sloučit	sloučení	V-it --> N-ení		
	sloučit	sloučení	V-it --> N-ení		LINK ALREADY PRESENT
					
	sloužit	sloužení	V-it --> N-ení		
	sloužit	sloužení	V-it --> N-ení		LINK ALREADY PRESENT
					
	složit	složení	V-it --> N-ení		
	složit	složení	V-it --> N-ení		LINK ALREADY PRESENT
					
	slíbit	slíbení	V-it --> N-ení		
	slíbit	slíbení	V-it --> N-ení		LINK ALREADY PRESENT
					
	smísit	smísení	V-it --> N-ení		
	smísit	smísení	V-it --> N-ení		LINK ALREADY PRESENT
					
	smísit	smíšení	V-it --> N-ení	CHANGE: s -> š	
	smísit	smíšení	V-it --> N-ení	CHANGE: s -> š	LINK ALREADY PRESENT
					
	smířit	smíření	V-it --> N-ení		
	smířit	smíření	V-it --> N-ení		LINK ALREADY PRESENT
					
	snížit	snížení	V-it --> N-ení		
*	sněžit	snížení	V-it --> N-ení	CHANGE: ě -> í	
					
*	snížit	sněžení	V-it --> N-ení	CHANGE: í -> ě	
	sněžit	sněžení	V-it --> N-ení		LINK ALREADY PRESENT
					
	soužit	soužení	V-it --> N-ení		
	soužit	soužení	V-it --> N-ení		LINK ALREADY PRESENT
					
	spatřit	spatření	V-it --> N-ení		
	spatřit	spatření	V-it --> N-ení		LINK ALREADY PRESENT
					
	spařit	spaření	V-it --> N-ení		LINK ALREADY PRESENT
*	spářit	spaření	V-it --> N-ení	CHANGE: á -> a	
					
*	spařit	spáření	V-it --> N-ení	CHANGE: a -> á	
	spářit	spáření	V-it --> N-ení		
	spářit	spáření	V-it --> N-ení		LINK ALREADY PRESENT
					
	spolčit	spolčení	V-it --> N-ení		
	spolčit	spolčení	V-it --> N-ení		LINK ALREADY PRESENT
					
	spálit	spálení	V-it --> N-ení		
	spálit	spálení	V-it --> N-ení		LINK ALREADY PRESENT
					
	srazit	sražení	V-it --> N-ení	CHANGE: z -> ž	
	srazit	sražení	V-it --> N-ení	CHANGE: z -> ž	LINK ALREADY PRESENT
					
*	stolit	stulení	V-it --> N-ení	CHANGE: o -> u	
	stulit	stulení	V-it --> N-ení		LINK ALREADY PRESENT
					
*	stražit	strážení	V-it --> N-ení	CHANGE: a -> á	
	strážit	strážení	V-it --> N-ení		
	strážit	strážení	V-it --> N-ení		LINK ALREADY PRESENT
					
	strávit	strávení	V-it --> N-ení		
	strávit	strávení	V-it --> N-ení		LINK ALREADY PRESENT
					
	svařit	svaření	V-it --> N-ení		LINK ALREADY PRESENT
*	svářit	svaření	V-it --> N-ení	CHANGE: á -> a	
					
*	svařit	sváření	V-it --> N-ení	CHANGE: a -> á	
	svářit	sváření	V-it --> N-ení		
	svářit	sváření	V-it --> N-ení		LINK ALREADY PRESENT
					
	svážit	svážení	V-it --> N-ení		
	svážit	svážení	V-it --> N-ení		LINK ALREADY PRESENT
					
	svědčit	svědčení	V-it --> N-ení		
	svědčit	svědčení	V-it --> N-ení		LINK ALREADY PRESENT
					
	sídlit	sídlení	V-it --> N-ení		
	sídlit	sídlení	V-it --> N-ení		LINK ALREADY PRESENT
					
	sířit	síření	V-it --> N-ení		
	sířit	síření	V-it --> N-ení		LINK ALREADY PRESENT
					
	tančit	tančení	V-it --> N-ení		
	tančit	tančení	V-it --> N-ení		LINK ALREADY PRESENT
					
*	topit	tupení	V-it --> N-ení	CHANGE: o -> u	
	tupit	tupení	V-it --> N-ení		LINK ALREADY PRESENT
					
	toužit	toužení	V-it --> N-ení		
	toužit	toužení	V-it --> N-ení		LINK ALREADY PRESENT
*	tužit	toužení	V-it --> N-ení	CHANGE: u -> ou	
					
*	toužit	tužení	V-it --> N-ení	CHANGE: ou -> u	
	tužit	tužení	V-it --> N-ení		LINK ALREADY PRESENT
					
	truchlit	truchlení	V-it --> N-ení		
	truchlit	truchlení	V-it --> N-ení		LINK ALREADY PRESENT
					
	trápit	trápení	V-it --> N-ení		
	trápit	trápení	V-it --> N-ení		LINK ALREADY PRESENT
					
	trávit	trávení	V-it --> N-ení		
	trávit	trávení	V-it --> N-ení		LINK ALREADY PRESENT
					
	tvářit	tváření	V-it --> N-ení		
	tvářit	tváření	V-it --> N-ení		LINK ALREADY PRESENT
					
*	tížit	těžení	V-it --> N-ení	CHANGE: í -> ě	
	těžit	těžení	V-it --> N-ení		LINK ALREADY PRESENT
					
	ublížit	ublížení	V-it --> N-ení		
	ublížit	ublížení	V-it --> N-ení		LINK ALREADY PRESENT
					
	uchýlit	uchýlení	V-it --> N-ení		
	uchýlit	uchýlení	V-it --> N-ení		LINK ALREADY PRESENT
					
	udobřit	udobření	V-it --> N-ení		
	udobřit	udobření	V-it --> N-ení		LINK ALREADY PRESENT
					
	udusit	udušení	V-it --> N-ení	CHANGE: s -> š	
	udusit	udušení	V-it --> N-ení	CHANGE: s -> š	LINK ALREADY PRESENT
					
	udávit	udávení	V-it --> N-ení		
	udávit	udávení	V-it --> N-ení		LINK ALREADY PRESENT
					
	uhasit	uhašení	V-it --> N-ení	CHANGE: s -> š	
	uhasit	uhašení	V-it --> N-ení	CHANGE: s -> š	LINK ALREADY PRESENT
					
	ujařmit	ujařmení	V-it --> N-ení		
	ujařmit	ujařmení	V-it --> N-ení		LINK ALREADY PRESENT
					
	ukonejšit	ukonejšení	V-it --> N-ení		
	ukonejšit	ukonejšení	V-it --> N-ení		LINK ALREADY PRESENT
					
	ukončit	ukončení	V-it --> N-ení		
	ukončit	ukončení	V-it --> N-ení		LINK ALREADY PRESENT
					
	ulehčit	ulehčení	V-it --> N-ení		
	ulehčit	ulehčení	V-it --> N-ení		LINK ALREADY PRESENT
					
	uloupit	uloupení	V-it --> N-ení		
	uloupit	uloupení	V-it --> N-ení		LINK ALREADY PRESENT
					
	umenšit	umenšení	V-it --> N-ení		
	umenšit	umenšení	V-it --> N-ení		LINK ALREADY PRESENT
					
	unáhlit	unáhlení	V-it --> N-ení		
	unáhlit	unáhlení	V-it --> N-ení		LINK ALREADY PRESENT
					
	upálit	upálení	V-it --> N-ení		
	upálit	upálení	V-it --> N-ení		LINK ALREADY PRESENT
					
	urazit	uražení	V-it --> N-ení	CHANGE: z -> ž	
	urazit	uražení	V-it --> N-ení	CHANGE: z -> ž	LINK ALREADY PRESENT
					
	urychlit	urychlení	V-it --> N-ení		
	urychlit	urychlení	V-it --> N-ení		LINK ALREADY PRESENT
					
	určit	určení	V-it --> N-ení		
	určit	určení	V-it --> N-ení		LINK ALREADY PRESENT
					
	usmířit	usmíření	V-it --> N-ení		
	usmířit	usmíření	V-it --> N-ení		LINK ALREADY PRESENT
					
	uspíšit	uspíšení	V-it --> N-ení		
	uspíšit	uspíšení	V-it --> N-ení		LINK ALREADY PRESENT
					
	ustanovit	ustanovení	V-it --> N-ení		
	ustanovit	ustanovení	V-it --> N-ení		LINK ALREADY PRESENT
					
	ustoupit	ustoupení	V-it --> N-ení		
	ustoupit	ustoupení	V-it --> N-ení		LINK ALREADY PRESENT
					
	ustájit	ustájení	V-it --> N-ení		
	ustájit	ustájení	V-it --> N-ení		LINK ALREADY PRESENT
					
	ustálit	ustálení	V-it --> N-ení		
	ustálit	ustálení	V-it --> N-ení		LINK ALREADY PRESENT
					
	usídlit	usídlení	V-it --> N-ení		
	usídlit	usídlení	V-it --> N-ení		LINK ALREADY PRESENT
					
	utrápit	utrápení	V-it --> N-ení		
	utrápit	utrápení	V-it --> N-ení		LINK ALREADY PRESENT
					
	uvážit	uvážení	V-it --> N-ení		
	uvážit	uvážení	V-it --> N-ení		LINK ALREADY PRESENT
					
	uvědomit	uvědomení	V-it --> N-ení		
	uvědomit	uvědomení	V-it --> N-ení		LINK ALREADY PRESENT
					
	ušetřit	ušetření	V-it --> N-ení		
	ušetřit	ušetření	V-it --> N-ení		LINK ALREADY PRESENT
					
	uštědřit	uštědření	V-it --> N-ení		
	uštědřit	uštědření	V-it --> N-ení		LINK ALREADY PRESENT
					
	vláčit	vláčení	V-it --> N-ení		
	vláčit	vláčení	V-it --> N-ení		LINK ALREADY PRESENT
					
	vplížit	vplížení	V-it --> N-ení		
	vplížit	vplížení	V-it --> N-ení		LINK ALREADY PRESENT
					
	vpálit	vpálení	V-it --> N-ení		
	vpálit	vpálení	V-it --> N-ení		LINK ALREADY PRESENT
					
	vrazit	vražení	V-it --> N-ení	CHANGE: z -> ž	
	vrazit	vražení	V-it --> N-ení	CHANGE: z -> ž	LINK ALREADY PRESENT
	vražit	vražení	V-it --> N-ení		
					
	vstoupit	vstoupení	V-it --> N-ení		
	vstoupit	vstoupení	V-it --> N-ení		LINK ALREADY PRESENT
					
	vybavit	vybavení	V-it --> N-ení		
	vybavit	vybavení	V-it --> N-ení		LINK ALREADY PRESENT
					
	vybrousit	vybroušení	V-it --> N-ení	CHANGE: s -> š	
	vybrousit	vybroušení	V-it --> N-ení	CHANGE: s -> š	LINK ALREADY PRESENT
					
	vybílit	vybílení	V-it --> N-ení		
	vybílit	vybílení	V-it --> N-ení		LINK ALREADY PRESENT
*	vybělit	vybílení	V-it --> N-ení	CHANGE: ě -> í	
					
*	vybílit	vybělení	V-it --> N-ení	CHANGE: í -> ě	
	vybělit	vybělení	V-it --> N-ení		LINK ALREADY PRESENT
					
	vychrlit	vychrlení	V-it --> N-ení		
	vychrlit	vychrlení	V-it --> N-ení		LINK ALREADY PRESENT
					
	vychýlit	vychýlení	V-it --> N-ení		
	vychýlit	vychýlení	V-it --> N-ení		LINK ALREADY PRESENT
					
	vyděsit	vyděšení	V-it --> N-ení	CHANGE: s -> š	
	vyděsit	vyděšení	V-it --> N-ení	CHANGE: s -> š	LINK ALREADY PRESENT
					
	vyhloubit	vyhloubení	V-it --> N-ení		
	vyhloubit	vyhloubení	V-it --> N-ení		LINK ALREADY PRESENT
					
	vyhlásit	vyhlášení	V-it --> N-ení	CHANGE: s -> š	
	vyhlásit	vyhlášení	V-it --> N-ení	CHANGE: s -> š	LINK ALREADY PRESENT
					
*	vyholit	vyhulení	V-it --> N-ení	CHANGE: o -> u	
	vyhulit	vyhulení	V-it --> N-ení		LINK ALREADY PRESENT
					
	vyjádřit	vyjádření	V-it --> N-ení		
	vyjádřit	vyjádření	V-it --> N-ení		LINK ALREADY PRESENT
					
*	vykolit	vykulení	V-it --> N-ení	CHANGE: o -> u	
	vykulit	vykulení	V-it --> N-ení		LINK ALREADY PRESENT
					
	vykoupit	vykoupení	V-it --> N-ení		
	vykoupit	vykoupení	V-it --> N-ení		LINK ALREADY PRESENT
					
	vykouzlit	vykouzlení	V-it --> N-ení		
	vykouzlit	vykouzlení	V-it --> N-ení		LINK ALREADY PRESENT
					
	vykouřit	vykouření	V-it --> N-ení		
	vykouřit	vykouření	V-it --> N-ení		LINK ALREADY PRESENT
					
	vykreslit	vykreslení	V-it --> N-ení		
	vykreslit	vykreslení	V-it --> N-ení		LINK ALREADY PRESENT
					
	vylepšit	vylepšení	V-it --> N-ení		
	vylepšit	vylepšení	V-it --> N-ení		LINK ALREADY PRESENT
					
	vyloupit	vyloupení	V-it --> N-ení		
	vyloupit	vyloupení	V-it --> N-ení		LINK ALREADY PRESENT
					
	vyloučit	vyloučení	V-it --> N-ení		
	vyloučit	vyloučení	V-it --> N-ení		LINK ALREADY PRESENT
					
	vyléčit	vyléčení	V-it --> N-ení		
	vyléčit	vyléčení	V-it --> N-ení		LINK ALREADY PRESENT
					
*	vyléčit	vylíčení	V-it --> N-ení	CHANGE: é -> í	
	vylíčit	vylíčení	V-it --> N-ení		
	vylíčit	vylíčení	V-it --> N-ení		LINK ALREADY PRESENT
					
	vymezit	vymezení	V-it --> N-ení		
	vymezit	vymezení	V-it --> N-ení		LINK ALREADY PRESENT
					
	vyobrazit	vyobrazení	V-it --> N-ení		
	vyobrazit	vyobrazení	V-it --> N-ení		LINK ALREADY PRESENT
					
	vyostřit	vyostření	V-it --> N-ení		
	vyostřit	vyostření	V-it --> N-ení		LINK ALREADY PRESENT
					
	vypálit	vypálení	V-it --> N-ení		
	vypálit	vypálení	V-it --> N-ení		LINK ALREADY PRESENT
					
	vypáčit	vypáčení	V-it --> N-ení		
	vypáčit	vypáčení	V-it --> N-ení		LINK ALREADY PRESENT
					
	vyrazit	vyražení	V-it --> N-ení	CHANGE: z -> ž	
	vyrazit	vyražení	V-it --> N-ení	CHANGE: z -> ž	LINK ALREADY PRESENT
					
	vyslovit	vyslovení	V-it --> N-ení		
	vyslovit	vyslovení	V-it --> N-ení		LINK ALREADY PRESENT
					
	vystoupit	vystoupení	V-it --> N-ení		
	vystoupit	vystoupení	V-it --> N-ení		LINK ALREADY PRESENT
					
	vysvětlit	vysvětlení	V-it --> N-ení		
	vysvětlit	vysvětlení	V-it --> N-ení		LINK ALREADY PRESENT
					
	vysídlit	vysídlení	V-it --> N-ení		
	vysídlit	vysídlení	V-it --> N-ení		LINK ALREADY PRESENT
					
	vysílit	vysílení	V-it --> N-ení		
	vysílit	vysílení	V-it --> N-ení		LINK ALREADY PRESENT
					
	vytvořit	vytvoření	V-it --> N-ení		
	vytvořit	vytvoření	V-it --> N-ení		LINK ALREADY PRESENT
					
	vytvářit	vytváření	V-it --> N-ení		
	vytvářit	vytváření	V-it --> N-ení		LINK ALREADY PRESENT
					
*	vytyčit	vytýčení	V-it --> N-ení	CHANGE: y -> ý	
	vytýčit	vytýčení	V-it --> N-ení		LINK ALREADY PRESENT
					
	vytížit	vytížení	V-it --> N-ení		
	vytížit	vytížení	V-it --> N-ení		LINK ALREADY PRESENT
*	vytěžit	vytížení	V-it --> N-ení	CHANGE: ě -> í	
					
*	vytížit	vytěžení	V-it --> N-ení	CHANGE: í -> ě	
	vytěžit	vytěžení	V-it --> N-ení		LINK ALREADY PRESENT
					
	vytříbit	vytříbení	V-it --> N-ení		
	vytříbit	vytříbení	V-it --> N-ení		LINK ALREADY PRESENT
					
	vyvenčit	vyvenčení	V-it --> N-ení		
	vyvenčit	vyvenčení	V-it --> N-ení		LINK ALREADY PRESENT
					
	vyvýšit	vyvýšení	V-it --> N-ení		
	vyvýšit	vyvýšení	V-it --> N-ení		LINK ALREADY PRESENT
					
	vyvěsit	vyvěšení	V-it --> N-ení	CHANGE: s -> š	
	vyvěsit	vyvěšení	V-it --> N-ení	CHANGE: s -> š	LINK ALREADY PRESENT
					
	vyzářit	vyzáření	V-it --> N-ení		
	vyzářit	vyzáření	V-it --> N-ení		LINK ALREADY PRESENT
					
	vyčíslit	vyčíslení	V-it --> N-ení		
	vyčíslit	vyčíslení	V-it --> N-ení		LINK ALREADY PRESENT
					
	vyšetřit	vyšetření	V-it --> N-ení		
	vyšetřit	vyšetření	V-it --> N-ení		LINK ALREADY PRESENT
					
	vyžehlit	vyžehlení	V-it --> N-ení		
	vyžehlit	vyžehlení	V-it --> N-ení		LINK ALREADY PRESENT
					
	vzbouřit	vzbouření	V-it --> N-ení		
	vzbouřit	vzbouření	V-it --> N-ení		LINK ALREADY PRESENT
					
	vzdálit	vzdálení	V-it --> N-ení		
	vzdálit	vzdálení	V-it --> N-ení		LINK ALREADY PRESENT
					
	vzkřísit	vzkříšení	V-it --> N-ení	CHANGE: s -> š	
	vzkřísit	vzkříšení	V-it --> N-ení	CHANGE: s -> š	LINK ALREADY PRESENT
					
	vzpřímit	vzpřímení	V-it --> N-ení		
	vzpřímit	vzpřímení	V-it --> N-ení		LINK ALREADY PRESENT
					
	vztyčit	vztyčení	V-it --> N-ení		
	vztyčit	vztyčení	V-it --> N-ení		LINK ALREADY PRESENT
					
	vábit	vábení	V-it --> N-ení		
	vábit	vábení	V-it --> N-ení		LINK ALREADY PRESENT
					
	válčit	válčení	V-it --> N-ení		
	válčit	válčení	V-it --> N-ení		LINK ALREADY PRESENT
					
	vířit	víření	V-it --> N-ení		
	vířit	víření	V-it --> N-ení		LINK ALREADY PRESENT
*	věřit	víření	V-it --> N-ení	CHANGE: ě -> í	
					
*	vířit	věření	V-it --> N-ení	CHANGE: í -> ě	
	věřit	věření	V-it --> N-ení		LINK ALREADY PRESENT
					
	věsit	věšení	V-it --> N-ení	CHANGE: s -> š	
	věsit	věšení	V-it --> N-ení	CHANGE: s -> š	LINK ALREADY PRESENT
					
	vězit	věžení	V-it --> N-ení	CHANGE: z -> ž	
	věžit	věžení	V-it --> N-ení		LINK ALREADY PRESENT
					
	vštípit	vštípení	V-it --> N-ení		
	vštípit	vštípení	V-it --> N-ení		LINK ALREADY PRESENT
*	vštěpit	vštípení	V-it --> N-ení	CHANGE: ě -> í	
					
*	zacelit	zacílení	V-it --> N-ení	CHANGE: e -> í	
	zacílit	zacílení	V-it --> N-ení		
	zacílit	zacílení	V-it --> N-ení		LINK ALREADY PRESENT
					
	zacyklit	zacyklení	V-it --> N-ení		
	zacyklit	zacyklení	V-it --> N-ení		LINK ALREADY PRESENT
					
	zadlužit	zadlužení	V-it --> N-ení		
	zadlužit	zadlužení	V-it --> N-ení		LINK ALREADY PRESENT
					
	zadusit	zadušení	V-it --> N-ení	CHANGE: s -> š	
	zadusit	zadušení	V-it --> N-ení	CHANGE: s -> š	LINK ALREADY PRESENT
*	zadušit	zadušení	V-it --> N-ení		
					
	zahájit	zahájení	V-it --> N-ení		
	zahájit	zahájení	V-it --> N-ení		LINK ALREADY PRESENT
					
	zajiskřit	zajiskření	V-it --> N-ení		
	zajiskřit	zajiskření	V-it --> N-ení		LINK ALREADY PRESENT
					
	zakončit	zakončení	V-it --> N-ení		
	zakončit	zakončení	V-it --> N-ení		LINK ALREADY PRESENT
					
	zakoupit	zakoupení	V-it --> N-ení		
	zakoupit	zakoupení	V-it --> N-ení		LINK ALREADY PRESENT
					
	zakouřit	zakouření	V-it --> N-ení		
	zakouřit	zakouření	V-it --> N-ení		LINK ALREADY PRESENT
					
	zakreslit	zakreslení	V-it --> N-ení		
	zakreslit	zakreslení	V-it --> N-ení		LINK ALREADY PRESENT
					
	zakroužit	zakroužení	V-it --> N-ení		
	zakroužit	zakroužení	V-it --> N-ení		LINK ALREADY PRESENT
					
	založit	založení	V-it --> N-ení		
	založit	založení	V-it --> N-ení		LINK ALREADY PRESENT
					
	zalíbit	zalíbení	V-it --> N-ení		
	zalíbit	zalíbení	V-it --> N-ení		LINK ALREADY PRESENT
					
	zamezit	zamezení	V-it --> N-ení		
	zamezit	zamezení	V-it --> N-ení		LINK ALREADY PRESENT
					
	zamhouřit	zamhouření	V-it --> N-ení		
	zamhouřit	zamhouření	V-it --> N-ení		LINK ALREADY PRESENT
					
	zamrazit	zamrazení	V-it --> N-ení		
	zamrazit	zamrazení	V-it --> N-ení		LINK ALREADY PRESENT
					
	zamířit	zamíření	V-it --> N-ení		
	zamířit	zamíření	V-it --> N-ení		LINK ALREADY PRESENT
*	zaměřit	zamíření	V-it --> N-ení	CHANGE: ě -> í	
					
*	zamířit	zaměření	V-it --> N-ení	CHANGE: í -> ě	
	zaměřit	zaměření	V-it --> N-ení		
					
	zaoblit	zaoblení	V-it --> N-ení		
	zaoblit	zaoblení	V-it --> N-ení		LINK ALREADY PRESENT
					
	zaokrouhlit	zaokrouhlení	V-it --> N-ení		
	zaokrouhlit	zaokrouhlení	V-it --> N-ení		LINK ALREADY PRESENT
					
	zaopatřit	zaopatření	V-it --> N-ení		
	zaopatřit	zaopatření	V-it --> N-ení		LINK ALREADY PRESENT
					
	zaostřit	zaostření	V-it --> N-ení		
	zaostřit	zaostření	V-it --> N-ení		LINK ALREADY PRESENT
					
	zapouzdřit	zapouzdření	V-it --> N-ení		
	zapouzdřit	zapouzdření	V-it --> N-ení		LINK ALREADY PRESENT
					
	zaprášit	zaprášení	V-it --> N-ení		
	zaprášit	zaprášení	V-it --> N-ení		LINK ALREADY PRESENT
					
	zapálit	zapálení	V-it --> N-ení		
	zapálit	zapálení	V-it --> N-ení		LINK ALREADY PRESENT
					
	zarazit	zaražení	V-it --> N-ení	CHANGE: z -> ž	
	zarazit	zaražení	V-it --> N-ení	CHANGE: z -> ž	LINK ALREADY PRESENT
					
	zardousit	zardoušení	V-it --> N-ení	CHANGE: s -> š	
	zardousit	zardoušení	V-it --> N-ení	CHANGE: s -> š	LINK ALREADY PRESENT
					
	zaslíbit	zaslíbení	V-it --> N-ení		
	zaslíbit	zaslíbení	V-it --> N-ení		LINK ALREADY PRESENT
					
	zastoupit	zastoupení	V-it --> N-ení		
	zastoupit	zastoupení	V-it --> N-ení		LINK ALREADY PRESENT
					
	zateplit	zateplení	V-it --> N-ení		
	zateplit	zateplení	V-it --> N-ení		LINK ALREADY PRESENT
					
	zatroubit	zatroubení	V-it --> N-ení		
	zatroubit	zatroubení	V-it --> N-ení		LINK ALREADY PRESENT
					
	zatížit	zatížení	V-it --> N-ení		
	zatížit	zatížení	V-it --> N-ení		LINK ALREADY PRESENT
					
	zauzlit	zauzlení	V-it --> N-ení		
	zauzlit	zauzlení	V-it --> N-ení		LINK ALREADY PRESENT
					
	zavěsit	zavěšení	V-it --> N-ení	CHANGE: s -> š	
	zavěsit	zavěšení	V-it --> N-ení	CHANGE: s -> š	LINK ALREADY PRESENT
					
*	zašklebit	zašklíbení	V-it --> N-ení	CHANGE: e -> í	
	zašklíbit	zašklíbení	V-it --> N-ení		LINK ALREADY PRESENT
					
	zbystřit	zbystření	V-it --> N-ení		
	zbystřit	zbystření	V-it --> N-ení		LINK ALREADY PRESENT
					
	zcizit	zcizení	V-it --> N-ení		
	zcizit	zcizení	V-it --> N-ení		LINK ALREADY PRESENT
					
	zdvojnásobit	zdvojnásobení	V-it --> N-ení		
	zdvojnásobit	zdvojnásobení	V-it --> N-ení		LINK ALREADY PRESENT
					
	zděsit	zděšení	V-it --> N-ení	CHANGE: s -> š	
	zděsit	zděšení	V-it --> N-ení	CHANGE: s -> š	LINK ALREADY PRESENT
					
	zesílit	zesílení	V-it --> N-ení		
	zesílit	zesílení	V-it --> N-ení		LINK ALREADY PRESENT
					
*	zesílit	zešílení	V-it --> N-ení	CHANGE: s -> š	
	zešílit	zešílení	V-it --> N-ení		LINK ALREADY PRESENT
					
	zešikmit	zešikmení	V-it --> N-ení		
	zešikmit	zešikmení	V-it --> N-ení		LINK ALREADY PRESENT
					
	zeštíhlit	zeštíhlení	V-it --> N-ení		
	zeštíhlit	zeštíhlení	V-it --> N-ení		LINK ALREADY PRESENT
					
	zhasit	zhašení	V-it --> N-ení	CHANGE: s -> š	
	zhasit	zhašení	V-it --> N-ení	CHANGE: s -> š	LINK ALREADY PRESENT
					
	zhnusit	zhnusení	V-it --> N-ení		
	zhnusit	zhnusení	V-it --> N-ení		LINK ALREADY PRESENT
					
	zhoršit	zhoršení	V-it --> N-ení		
	zhoršit	zhoršení	V-it --> N-ení		LINK ALREADY PRESENT
					
	zkazit	zkažení	V-it --> N-ení	CHANGE: z -> ž	
	zkazit	zkažení	V-it --> N-ení	CHANGE: z -> ž	LINK ALREADY PRESENT
					
	zkosit	zkosení	V-it --> N-ení		
	zkosit	zkosení	V-it --> N-ení		LINK ALREADY PRESENT
					
	zkouřit	zkouření	V-it --> N-ení		
	zkouřit	zkouření	V-it --> N-ení		LINK ALREADY PRESENT
					
	zkreslit	zkreslení	V-it --> N-ení		
	zkreslit	zkreslení	V-it --> N-ení		LINK ALREADY PRESENT
					
	zkrášlit	zkrášlení	V-it --> N-ení		
	zkrášlit	zkrášlení	V-it --> N-ení		LINK ALREADY PRESENT
					
	zkvasit	zkvašení	V-it --> N-ení	CHANGE: s -> š	
	zkvasit	zkvašení	V-it --> N-ení	CHANGE: s -> š	LINK ALREADY PRESENT
					
	zkřížit	zkřížení	V-it --> N-ení		
	zkřížit	zkřížení	V-it --> N-ení		LINK ALREADY PRESENT
					
	zlíbit	zlíbení	V-it --> N-ení		
	zlíbit	zlíbení	V-it --> N-ení		LINK ALREADY PRESENT
					
	zmenšit	zmenšení	V-it --> N-ení		
	zmenšit	zmenšení	V-it --> N-ení		LINK ALREADY PRESENT
					
	zmoudřit	zmoudření	V-it --> N-ení		
	zmoudřit	zmoudření	V-it --> N-ení		LINK ALREADY PRESENT
					
	zmámit	zmámení	V-it --> N-ení		
	zmámit	zmámení	V-it --> N-ení		LINK ALREADY PRESENT
					
	zmýlit	zmýlení	V-it --> N-ení		
	zmýlit	zmýlení	V-it --> N-ení		LINK ALREADY PRESENT
					
	znepokojit	znepokojení	V-it --> N-ení		
	znepokojit	znepokojení	V-it --> N-ení		LINK ALREADY PRESENT
					
	znevážit	znevážení	V-it --> N-ení		
	znevážit	znevážení	V-it --> N-ení		LINK ALREADY PRESENT
					
	znovuzahájit	znovuzahájení	V-it --> N-ení		
	znovuzahájit	znovuzahájení	V-it --> N-ení		LINK ALREADY PRESENT
					
	zobrazit	zobrazení	V-it --> N-ení		
	zobrazit	zobrazení	V-it --> N-ení		LINK ALREADY PRESENT
					
	zostřit	zostření	V-it --> N-ení		
	zostřit	zostření	V-it --> N-ení		LINK ALREADY PRESENT
					
	zpestřit	zpestření	V-it --> N-ení		
	zpestřit	zpestření	V-it --> N-ení		LINK ALREADY PRESENT
					
	zrcadlit	zrcadlení	V-it --> N-ení		
	zrcadlit	zrcadlení	V-it --> N-ení		LINK ALREADY PRESENT
					
	zrušit	zrušení	V-it --> N-ení		
	zrušit	zrušení	V-it --> N-ení		LINK ALREADY PRESENT
					
	zrychlit	zrychlení	V-it --> N-ení		
	zrychlit	zrychlení	V-it --> N-ení		LINK ALREADY PRESENT
					
	ztenčit	ztenčení	V-it --> N-ení		
	ztenčit	ztenčení	V-it --> N-ení		LINK ALREADY PRESENT
					
	zvlhčit	zvlhčení	V-it --> N-ení		
	zvlhčit	zvlhčení	V-it --> N-ení		LINK ALREADY PRESENT
					
	zvolit	zvolení	V-it --> N-ení		
	zvolit	zvolení	V-it --> N-ení		LINK ALREADY PRESENT
					
	zvážit	zvážení	V-it --> N-ení		
	zvážit	zvážení	V-it --> N-ení		LINK ALREADY PRESENT
					
	zvířit	zvíření	V-it --> N-ení		
	zvířit	zvíření	V-it --> N-ení		LINK ALREADY PRESENT
					
	zvýšit	zvýšení	V-it --> N-ení		
	zvýšit	zvýšení	V-it --> N-ení		LINK ALREADY PRESENT
					
	zvětšit	zvětšení	V-it --> N-ení		
	zvětšit	zvětšení	V-it --> N-ení		LINK ALREADY PRESENT
					
	zářit	záření	V-it --> N-ení		
	zářit	záření	V-it --> N-ení		LINK ALREADY PRESENT
					
	zúžit	zúžení	V-it --> N-ení		
	zúžit	zúžení	V-it --> N-ení		LINK ALREADY PRESENT
					
	zřetězit	zřetězení	V-it --> N-ení		
	zřetězit	zřetězení	V-it --> N-ení		LINK ALREADY PRESENT
					
	řetězit	řetězení	V-it --> N-ení		
	řetězit	řetězení	V-it --> N-ení		LINK ALREADY PRESENT
					
	šetřit	šetření	V-it --> N-ení		
	šetřit	šetření	V-it --> N-ení		LINK ALREADY PRESENT
					
*	šeřit	šíření	V-it --> N-ení	CHANGE: e -> í	
	šířit	šíření	V-it --> N-ení		
	šířit	šíření	V-it --> N-ení		LINK ALREADY PRESENT
					
	šklebit	šklíbení	V-it --> N-ení	CHANGE: e -> í	
	šklíbit	šklíbení	V-it --> N-ení		LINK ALREADY PRESENT
					
	škádlit	škádlení	V-it --> N-ení		
	škádlit	škádlení	V-it --> N-ení		LINK ALREADY PRESENT
					
	žehlit	žehlení	V-it --> N-ení		
	žehlit	žehlení	V-it --> N-ení		LINK ALREADY PRESENT
					
	žárlit	žárlení	V-it --> N-ení		
	žárlit	žárlení	V-it --> N-ení		LINK ALREADY PRESENT
					
					
	---------------------------------				
	28 GROUPS FOR RULE COMBINATION: V-at --> N-a, V-it --> N-a				
					
*	bacat	bača	V-at --> N-a	CHANGE: c -> č	
*	bacit	bača	V-it --> N-a	CHANGE: c -> č	
					
*	divit	diva	V-it --> N-a		
*	dívat	diva	V-at --> N-a	CHANGE: í -> i	
					
*	domlouvat	domluva	V-at --> N-a	CHANGE: ou -> u	
	domluvit	domluva	V-it --> N-a		
					
*	dostavit	dostava	V-it --> N-a		
*	dostávat	dostava	V-at --> N-a	CHANGE: á -> a	
					
*	kopat	kupa	V-at --> N-a	CHANGE: o -> u	
*	koupat	kupa	V-at --> N-a	CHANGE: ou -> u	
*	koupit	kupa	V-it --> N-a	CHANGE: ou -> u	
*	kupit	kupa	V-it --> N-a		
					
*	lepit	lípa	V-it --> N-a	CHANGE: e -> í	
*	lípat	lípa	V-at --> N-a		
					
	loudat	louda	V-at --> N-a		
*	loudit	louda	V-it --> N-a		
					
*	loupat	lupa	V-at --> N-a	CHANGE: ou -> u	
*	loupit	lupa	V-it --> N-a	CHANGE: ou -> u	
*	lupat	lupa	V-at --> N-a		
					
*	naplavat	náplava	V-at --> N-a	CHANGE: a -> á	
	naplavit	náplava	V-it --> N-a	CHANGE: a -> á	
					
	odmlouvat	odmluva	V-at --> N-a	CHANGE: ou -> u	
*	odmluvit	odmluva	V-it --> N-a		
					
*	omlouvat	omluva	V-at --> N-a	CHANGE: ou -> u	
	omluvit	omluva	V-it --> N-a		
					
*	pomlouvat	pomluva	V-at --> N-a	CHANGE: ou -> u	
	pomluvit	pomluva	V-it --> N-a		
					
*	postavit	postava	V-it --> N-a		
*	postávat	postava	V-at --> N-a	CHANGE: á -> a	
					
*	potit	puta	V-it --> N-a	CHANGE: o -> u	
*	poutat	puta	V-at --> N-a	CHANGE: ou -> u	
					
*	pravit	práva	V-it --> N-a	CHANGE: a -> á	
*	právat	práva	V-at --> N-a		
					
*	promlouvat	promluva	V-at --> N-a	CHANGE: ou -> u	
	promluvit	promluva	V-it --> N-a		
					
*	rozmlouvat	rozmluva	V-at --> N-a	CHANGE: ou -> u	
	rozmluvit	rozmluva	V-it --> N-a		
					
	sestavit	sestava	V-it --> N-a		
*	sestávat	sestava	V-at --> N-a	CHANGE: á -> a	
					
*	slevit	slíva	V-it --> N-a	CHANGE: e -> í	
*	slévat	slíva	V-at --> N-a	CHANGE: é -> í	
					
	smlouvat	smlouva	V-at --> N-a		
*	smluvit	smlouva	V-it --> N-a	CHANGE: u -> ou	
					
	spasit	spása	V-it --> N-a	CHANGE: a -> á	
*	spásat	spása	V-at --> N-a		
					
*	stoupat	stoupa	V-at --> N-a		
*	stoupit	stoupa	V-it --> N-a		
					
*	stínat	stěna	V-at --> N-a	CHANGE: í -> ě	
*	stínit	stěna	V-it --> N-a	CHANGE: í -> ě	
					
*	středit	střída	V-it --> N-a	CHANGE: e -> í	
*	střídat	střída	V-at --> N-a		
					
*	svítat	svita	V-at --> N-a	CHANGE: í -> i	
*	svítit	svita	V-it --> N-a	CHANGE: í -> i	
					
*	tísnit	těsna	V-it --> N-a	CHANGE: í -> ě	
*	těsnat	těsna	V-at --> N-a		
*	těsnit	těsna	V-it --> N-a		
					
*	zaplavat	záplava	V-at --> N-a	CHANGE: a -> á	
	zaplavit	záplava	V-it --> N-a	CHANGE: a -> á	
					
*	želat	žíla	V-at --> N-a	CHANGE: e -> í	
*	želit	žíla	V-it --> N-a	CHANGE: e -> í	
					
					
	---------------------------------				
	19 GROUPS FOR RULE COMBINATION: N-ač --> N-ačka, N-ák --> N-ačka				
					
*	bourač	bouračka	N-ač --> N-ačka		LINK ALREADY PRESENT
*	bourák	bouračka	N-ák --> N-ačka		
*	burák	bouračka	N-ák --> N-ačka	CHANGE: u -> ou	
					
*	chytač	chytačka	N-ač --> N-ačka		LINK ALREADY PRESENT
*	chyták	chytačka	N-ák --> N-ačka		
					
*	lapač	lapačka	N-ač --> N-ačka		LINK ALREADY PRESENT
*	lapák	lapačka	N-ák --> N-ačka		
					
*	loupač	loupačka	N-ač --> N-ačka		LINK ALREADY PRESENT
*	loupák	loupačka	N-ák --> N-ačka		
					
*	mazač	mazačka	N-ač --> N-ačka		LINK ALREADY PRESENT
	mazák	mazačka	N-ák --> N-ačka		
					
*	naběrač	nabíračka	N-ač --> N-ačka	CHANGE: ě -> í	
*	naběrák	nabíračka	N-ák --> N-ačka	CHANGE: ě -> í	
					
*	naběrač	naběračka	N-ač --> N-ačka		LINK ALREADY PRESENT
*	naběrák	naběračka	N-ák --> N-ačka		
					
	sběrač	sběračka	N-ač --> N-ačka		LINK ALREADY PRESENT
*	sběrák	sběračka	N-ák --> N-ačka		
					
*	stahovač	stahovačka	N-ač --> N-ačka		LINK ALREADY PRESENT
*	stahovák	stahovačka	N-ák --> N-ačka		
					
*	středák	střídačka	N-ák --> N-ačka	CHANGE: e -> í	
*	střídač	střídačka	N-ač --> N-ačka		
					
*	trhač	trhačka	N-ač --> N-ačka		LINK ALREADY PRESENT
*	trhák	trhačka	N-ák --> N-ačka		
					
*	upínač	upínačka	N-ač --> N-ačka		
*	upínák	upínačka	N-ák --> N-ačka		
					
	vazač	vazačka	N-ač --> N-ačka		LINK ALREADY PRESENT
*	vazák	vazačka	N-ák --> N-ačka		
					
*	vazač	vázačka	N-ač --> N-ačka	CHANGE: a -> á	
*	vazák	vázačka	N-ák --> N-ačka	CHANGE: a -> á	
					
*	vrtač	vrtačka	N-ač --> N-ačka		LINK ALREADY PRESENT
*	vrták	vrtačka	N-ák --> N-ačka		
					
*	zavírač	zavíračka	N-ač --> N-ačka		
*	zavírák	zavíračka	N-ák --> N-ačka		
					
*	zvedač	zvedačka	N-ač --> N-ačka		LINK ALREADY PRESENT
*	zvedák	zvedačka	N-ák --> N-ačka		
					
*	řezač	řezačka	N-ač --> N-ačka		LINK ALREADY PRESENT
*	řezák	řezačka	N-ák --> N-ačka		
					
*	štípač	štípačka	N-ač --> N-ačka		LINK ALREADY PRESENT
*	štípák	štípačka	N-ák --> N-ačka		
					
					
	---------------------------------				
	14 GROUPS FOR RULE COMBINATION: N-ač --> N-ačka				
					
*	hledač	hlídačka	N-ač --> N-ačka	CHANGE: e -> í	
	hlídač	hlídačka	N-ač --> N-ačka		LINK ALREADY PRESENT
					
*	nakladač	nakládačka	N-ač --> N-ačka	CHANGE: a -> á	
*	nakládač	nakládačka	N-ač --> N-ačka		LINK ALREADY PRESENT
					
*	ochutnavač	ochutnávačka	N-ač --> N-ačka	CHANGE: a -> á	
	ochutnávač	ochutnávačka	N-ač --> N-ačka		LINK ALREADY PRESENT
					
*	odsavač	odsávačka	N-ač --> N-ačka	CHANGE: a -> á	
*	odsávač	odsávačka	N-ač --> N-ačka		
					
	ohledavač	ohledavačka	N-ač --> N-ačka		LINK ALREADY PRESENT
*	ohledávač	ohledavačka	N-ač --> N-ačka	CHANGE: á -> a	
					
*	stihač	stihačka	N-ač --> N-ačka		LINK ALREADY PRESENT
*	stíhač	stihačka	N-ač --> N-ačka	CHANGE: í -> i	
					
*	stihač	stíhačka	N-ač --> N-ačka	CHANGE: i -> í	
	stíhač	stíhačka	N-ač --> N-ačka		LINK ALREADY PRESENT
*					
	střihač	střihačka	N-ač --> N-ačka		LINK ALREADY PRESENT
*	stříhač	střihačka	N-ač --> N-ačka	CHANGE: í -> i	
					
*	uspavač	uspávačka	N-ač --> N-ačka	CHANGE: a -> á	
*	uspávač	uspávačka	N-ač --> N-ačka		LINK ALREADY PRESENT
					
	vyjednavač	vyjednavačka	N-ač --> N-ačka		LINK ALREADY PRESENT
*	vyjednávač	vyjednavačka	N-ač --> N-ačka	CHANGE: á -> a	
					
*	vyjednavač	vyjednávačka	N-ač --> N-ačka	CHANGE: a -> á	
	vyjednávač	vyjednávačka	N-ač --> N-ačka		LINK ALREADY PRESENT
					
	vykladač	vykladačka	N-ač --> N-ačka		
	vykladač	vykladačka	N-ač --> N-ačka		LINK ALREADY PRESENT
*	vykládač	vykladačka	N-ač --> N-ačka	CHANGE: á -> a	
					
*	vyrovnávač	vyrovnávačka	N-ač --> N-ačka		
*	vyrovnávač	vyrovnávačka	N-ač --> N-ačka		LINK ALREADY PRESENT
					
	zaklínač	zaklínačka	N-ač --> N-ačka		
	zaklínač	zaklínačka	N-ač --> N-ačka		LINK ALREADY PRESENT
					
					
	---------------------------------				
	13 GROUPS FOR RULE COMBINATION: V-it --> N-a				
					
*	boulit	bula	V-it --> N-a	CHANGE: ou -> u	
*	bulit	bula	V-it --> N-a		
					
*	holit	hula	V-it --> N-a	CHANGE: o -> u	
*	houlit	hula	V-it --> N-a	CHANGE: ou -> u	
*	hulit	hula	V-it --> N-a		
					
*	mínit	měna	V-it --> N-a	CHANGE: í -> ě	
	měnit	měna	V-it --> N-a		
					
*	obrobit	obruba	V-it --> N-a	CHANGE: o -> u	
	obroubit	obruba	V-it --> N-a	CHANGE: ou -> u	
					
*	postit	pusta	V-it --> N-a	CHANGE: o -> u	
*	pustit	pusta	V-it --> N-a		
					
*	potopit	potupa	V-it --> N-a	CHANGE: o -> u	
	potupit	potupa	V-it --> N-a		
					
*	přehodit	příhoda	V-it --> N-a	CHANGE: e -> í	
	přihodit	příhoda	V-it --> N-a	CHANGE: i -> í	
					
*	přemluvit	přímluva	V-it --> N-a	CHANGE: e -> í	
	přimluvit	přímluva	V-it --> N-a	CHANGE: i -> í	
					
*	přepravit	příprava	V-it --> N-a	CHANGE: e -> í	
	připravit	příprava	V-it --> N-a	CHANGE: i -> í	
					
*	přesadit	přísada	V-it --> N-a	CHANGE: e -> í	
	přisadit	přísada	V-it --> N-a	CHANGE: i -> í	
					
*	přezdobit	přízdoba	V-it --> N-a	CHANGE: e -> í	
	přizdobit	přízdoba	V-it --> N-a	CHANGE: i -> í	
					
*	zmínit	změna	V-it --> N-a	CHANGE: í -> ě	
	změnit	změna	V-it --> N-a		
					
*	řadit	řada	V-it --> N-a		
*	řádit	řada	V-it --> N-a	CHANGE: á -> a	
					
					
	---------------------------------				
	11 GROUPS FOR RULE COMBINATION: N-a --> N-ník				
					
*	Blaha	Blahník	N-a --> N-ník		
*	Bláha	Blahník	N-a --> N-ník	CHANGE: á -> a	
					
*	Boba	Bubník	N-a --> N-ník	CHANGE: o -> u	
*	Buba	Bubník	N-a --> N-ník		
					
*	Houba	Hubník	N-a --> N-ník	CHANGE: ou -> u	
*	Huba	Hubník	N-a --> N-ník		
					
*	Skala	Skalník	N-a --> N-ník		
*	Skála	Skalník	N-a --> N-ník	CHANGE: á -> a	
					
	bída	bídník	N-a --> N-ník		
*	běda	bídník	N-a --> N-ník	CHANGE: ě -> í	
					
	hora	horník	N-a --> N-ník		
*	hůra	horník	N-a --> N-ník	CHANGE: ů -> o	
					
*	kora	kurník	N-a --> N-ník	CHANGE: o -> u	
*	kura	kurník	N-a --> N-ník		
					
*	nevíra	nevěrník	N-a --> N-ník	CHANGE: í -> ě	
*	nevěra	nevěrník	N-a --> N-ník		
					
*	para	parník	N-a --> N-ník		
	pára	parník	N-a --> N-ník	CHANGE: á -> a	
					
	zahrada	zahradník	N-a --> N-ník		
*	záhrada	zahradník	N-a --> N-ník	CHANGE: á -> a	
					
*	úrada	úřadník	N-a --> N-ník	CHANGE: r -> ř	
*	úřada	úřadník	N-a --> N-ník		
					
					
	---------------------------------				
	9 GROUPS FOR RULE COMBINATION: N-a --> N-nice				
					
*	Luga	Lužnice	N-a --> N-nice	CHANGE: g -> ž	
*	Luha	Lužnice	N-a --> N-nice	CHANGE: h -> ž	
*	Luža	Lužnice	N-a --> N-nice		
					
*	bída	bídnice	N-a --> N-nice		
*	běda	bídnice	N-a --> N-nice	CHANGE: ě -> í	
					
*	hora	hornice	N-a --> N-nice		
*	hůra	hornice	N-a --> N-nice	CHANGE: ů -> o	
					
*	nevíra	nevěrnice	N-a --> N-nice	CHANGE: í -> ě	
*	nevěra	nevěrnice	N-a --> N-nice		
					
*	smola	smolnice	N-a --> N-nice		
*	smůla	smolnice	N-a --> N-nice	CHANGE: ů -> o	
					
*	stopa	stupnice	N-a --> N-nice	CHANGE: o -> u	
*	stoupa	stupnice	N-a --> N-nice	CHANGE: ou -> u	
					
*	vila	vilnice	N-a --> N-nice		
*	víla	vilnice	N-a --> N-nice	CHANGE: í -> i	
					
*	váha	vážnice	N-a --> N-nice	CHANGE: h -> ž	
*	váza	vážnice	N-a --> N-nice	CHANGE: z -> ž	
					
*	zahrada	zahradnice	N-a --> N-nice		
*	záhrada	zahradnice	N-a --> N-nice	CHANGE: á -> a	
					
					
	---------------------------------				
	7 GROUPS FOR RULE COMBINATION: N-a --> N-án				
					
*	Gela	Gílán	N-a --> N-án	CHANGE: e -> í	
*	Gila	Gílán	N-a --> N-án	CHANGE: i -> í	
					
*	Maria	Marián	N-a --> N-án		
*	María	Marián	N-a --> N-án	CHANGE: í -> i	
*	Mária	Marián	N-a --> N-án	CHANGE: á -> a	
					
*	Mila	Milán	N-a --> N-án		
*	Míla	Milán	N-a --> N-án	CHANGE: í -> i	
					
*	Pala	Palán	N-a --> N-án		
*	Pála	Palán	N-a --> N-án	CHANGE: á -> a	
					
*	Zika	Zikán	N-a --> N-án		
*	Zíka	Zikán	N-a --> N-án	CHANGE: í -> i	
					
*	kora	korán	N-a --> N-án		
*	kůra	korán	N-a --> N-án	CHANGE: ů -> o	
					
	prima	primán	N-a --> N-án		
*	príma	primán	N-a --> N-án	CHANGE: í -> i	
					
					
	---------------------------------				
	7 GROUPS FOR RULE COMBINATION: V-at --> N-a				
					
*	bodovat	budova	V-at --> N-a	CHANGE: o -> u	
*	budovat	budova	V-at --> N-a		
					
*	dodat	duda	V-at --> N-a	CHANGE: o -> u	
*	dudat	duda	V-at --> N-a		
					
*	lehat	líha	V-at --> N-a	CHANGE: e -> í	
*	léhat	líha	V-at --> N-a	CHANGE: é -> í	
*	líhat	líha	V-at --> N-a		
					
*	louskat	luska	V-at --> N-a	CHANGE: ou -> u	
*	luskat	luska	V-at --> N-a		
					
*	třeskat	tříska	V-at --> N-a	CHANGE: e -> í	
*	třískat	tříska	V-at --> N-a		
					
*	škrabat	škrába	V-at --> N-a	CHANGE: a -> á	
*	škrábat	škrába	V-at --> N-a		
					
*	šoupat	šupa	V-at --> N-a	CHANGE: ou -> u	
*	šupat	šupa	V-at --> N-a		
					
					
	---------------------------------				
	6 GROUPS FOR RULE COMBINATION: N-ř --> N-řka				
					
	bordelář	bordelářka	N-ř --> N-řka		
	bordelář	bordelářka	N-ř --> N-řka		LINK ALREADY PRESENT
					
	brankář	brankářka	N-ř --> N-řka		
	brankář	brankářka	N-ř --> N-řka		LINK ALREADY PRESENT
					
	loutkař	loutkařka	N-ř --> N-řka		LINK ALREADY PRESENT
*	loutkář	loutkařka	N-ř --> N-řka	CHANGE: á -> a	
					
	pánbíčkář	pánbíčkářka	N-ř --> N-řka		
	pánbíčkář	pánbíčkářka	N-ř --> N-řka		LINK ALREADY PRESENT
					
	taxikář	taxikářka	N-ř --> N-řka		LINK ALREADY PRESENT
	taxíkář	taxikářka	N-ř --> N-řka	CHANGE: í -> i	
					
	vyvojář	vývojářka	N-ř --> N-řka	CHANGE: y -> ý	
	vývojář	vývojářka	N-ř --> N-řka		LINK ALREADY PRESENT
					
					
	---------------------------------				
	5 GROUPS FOR RULE COMBINATION: N-ka --> N-ečka				
					
	dívka	děvečka	N-ka --> N-ečka	CHANGE: í -> ě	
*	děvka	děvečka	N-ka --> N-ečka		
					
	knížka	knížečka	N-ka --> N-ečka		
*	kněžka	knížečka	N-ka --> N-ečka	CHANGE: ě -> í	
					
*	kostka	kůstečka	N-ka --> N-ečka	CHANGE: o -> ů	
	kůstka	kůstečka	N-ka --> N-ečka		
					
*	sazka	sazečka	N-ka --> N-ečka		
*	sázka	sazečka	N-ka --> N-ečka	CHANGE: á -> a	
					
*	sazka	sázečka	N-ka --> N-ečka	CHANGE: a -> á	
	sázka	sázečka	N-ka --> N-ečka		
					
					
	---------------------------------				
	3 GROUPS FOR RULE COMBINATION: N-ec --> N-ka				
					
*	Holec	Hulka	N-ec --> N-ka	CHANGE: o -> u	
*	Hulec	Hulka	N-ec --> N-ka		
					
*	borec	burka	N-ec --> N-ka	CHANGE: o -> u	
*	bourec	burka	N-ec --> N-ka	CHANGE: ou -> u	
					
*	kopec	kupka	N-ec --> N-ka	CHANGE: o -> u	
*	kupec	kupka	N-ec --> N-ka		
					
					
	---------------------------------				
	3 GROUPS FOR RULE COMBINATION: V-at --> N-a, V-évat --> N-eva				
					
	oblévat	obleva	V-at --> N-a	CHANGE: é -> e	
	oblévat	obleva	V-évat --> N-eva		
					
	odlévat	odleva	V-at --> N-a	CHANGE: é -> e	
	odlévat	odleva	V-évat --> N-eva		
					
	prodlévat	prodleva	V-at --> N-a	CHANGE: é -> e	
	prodlévat	prodleva	V-évat --> N-eva		
					
					
	---------------------------------				
	2 GROUPS FOR RULE COMBINATION: A-ý --> V-ět				
					
*	bojný	bujnět	A-ý --> V-ět	CHANGE: o -> u	
	bujný	bujnět	A-ý --> V-ět		
					
*	točný	tučnět	A-ý --> V-ět	CHANGE: o -> u	
	tučný	tučnět	A-ý --> V-ět		
					
					
	---------------------------------				
	2 GROUPS FOR RULE COMBINATION: N-ismus --> N-ista				
					
	extremismus	extremista	N-ismus --> N-ista		
*	extrémismus	extremista	N-ismus --> N-ista	CHANGE: é -> e	
					
*	extremismus	extrémista	N-ismus --> N-ista	CHANGE: e -> é	
	extrémismus	extrémista	N-ismus --> N-ista		
					
					
	---------------------------------				
	2 GROUPS FOR RULE COMBINATION: V-at --> N-a, V-it --> N-a, V-évat --> N-eva				
					
*	polevit	poleva	V-it --> N-a		
	polévat	poleva	V-at --> N-a	CHANGE: é -> e	
	polévat	poleva	V-évat --> N-eva		
					
	slevit	sleva	V-it --> N-a		
*	slévat	sleva	V-at --> N-a	CHANGE: é -> e	
*	slévat	sleva	V-évat --> N-eva		
					
					
	---------------------------------				
	2 GROUPS FOR RULE COMBINATION: N-ák --> N-ačka				
					
*	klouzák	klouzačka	N-ák --> N-ačka		
*	kluzák	klouzačka	N-ák --> N-ačka	CHANGE: u -> ou	
					
	pasák	pasačka	N-ák --> N-ačka		
*	pásák	pasačka	N-ák --> N-ačka	CHANGE: á -> a	
					
					
	---------------------------------				
	1 GROUPS FOR RULE COMBINATION: N-ec --> N-ka, N-ka --> N-ečka, V-at --> N-a				
					
*	sekec	sečka	N-ec --> N-ka	CHANGE: k -> č	
*	sečkat	sečka	V-at --> N-a		
*	ska	sečka	N-ka --> N-ečka		
					
					
	---------------------------------				
	1 GROUPS FOR RULE COMBINATION: V-ovat --> N-átor				
					
*	terminovat	terminátor	V-ovat --> N-átor		
*	termínovat	terminátor	V-ovat --> N-átor	CHANGE: í -> i	
					
					
	---------------------------------				
	1 GROUPS FOR RULE COMBINATION: N-lo --> N-elník				
					
*	česlo	číselník	N-lo --> N-elník	CHANGE: e -> í	
	číslo	číselník	N-lo --> N-elník		
					
					
	---------------------------------				
	1 GROUPS FOR RULE COMBINATION: N-ář --> V-ařit				
					
	taxikář	taxikařit	N-ář --> V-ařit		
*	taxíkář	taxikařit	N-ář --> V-ařit	CHANGE: í -> i	
					
					
	---------------------------------				
	1 GROUPS FOR RULE COMBINATION: V-at --> N-a, V-it --> N-a, V-ílit --> N-ila				
					
*	posílat	posila	V-at --> N-a	CHANGE: í -> i	
	posílit	posila	V-it --> N-a	CHANGE: í -> i	
	posílit	posila	V-ílit --> N-ila		
					
					
	---------------------------------				
	1 GROUPS FOR RULE COMBINATION: N-ka --> N-tička				
					
*	složka	služtička	N-ka --> N-tička	CHANGE: o -> u	
	služka	služtička	N-ka --> N-tička		
					
					
	---------------------------------				
	1 GROUPS FOR RULE COMBINATION: N-ič --> N-ička, N-ď --> N-dička				
					
*	budič	boudička	N-ič --> N-ička	CHANGE: u -> ou	
*	buď	boudička	N-ď --> N-dička	CHANGE: u -> ou	
					
					
	---------------------------------				
	1 GROUPS FOR RULE COMBINATION: V-at --> N-a, V-ouchat --> N-ucha				
					
	porouchat	porucha	V-at --> N-a	CHANGE: ou -> u	
	porouchat	porucha	V-ouchat --> N-ucha		
					
					
	---------------------------------				
	1 GROUPS FOR RULE COMBINATION: N-ik --> N-ička, N-ka --> N-tička				
					
	mystik	myštička	N-ik --> N-ička	CHANGE: s -> š	
*	myška	myštička	N-ka --> N-tička		
					
					
	---------------------------------				
	1 GROUPS FOR RULE COMBINATION: N-ik --> N-ička, N-ič --> N-ička				
					
*	ostřik	ostřička	N-ik --> N-ička		
*	ostřič	ostřička	N-ič --> N-ička		
					
					
	---------------------------------				
	1 GROUPS FOR RULE COMBINATION: N-ač --> N-ačka, N-ák --> N-ačka, V-at --> N-a				
					
*	mač	mačka	N-ač --> N-ačka		
*	mačkat	mačka	V-at --> N-a		
*	mák	mačka	N-ák --> N-ačka		
					
					
	---------------------------------				
	1 GROUPS FOR RULE COMBINATION: V-it --> N-a, V-ílit --> N-ila				
					
*	pílit	pila	V-it --> N-a	CHANGE: í -> i	
*	pílit	pila	V-ílit --> N-ila		
					
					
	---------------------------------				
	1 GROUPS FOR RULE COMBINATION: N-ev --> N-vička				
					
	lahev	lahvička	N-ev --> N-vička		
	láhev	lahvička	N-ev --> N-vička	CHANGE: á -> a	
					
					
	---------------------------------				
	1 GROUPS FOR RULE COMBINATION: V-ovat --> N-ace				
					
	terminovat	terminace	V-ovat --> N-ace		
*	termínovat	terminace	V-ovat --> N-ace	CHANGE: í -> i	
					
					
	---------------------------------				
	1 GROUPS FOR RULE COMBINATION: N-a --> N-ník, N-lo --> N-elník				
					
*	cela	celník	N-a --> N-ník		
	clo	celník	N-lo --> N-elník		
