Dynda	1	Dynda	Dynd a	FIXME_DIFFERENT	Dynd a	
Pedicia	1	Pedicia	?	FIXME_SD_QUESTIONMARK	Pedici a	
Bania	1	Bania	Bani a	FIXME_DIFFERENT	Bani a	
Swietenia	1	Swietenia	?	FIXME_SD_QUESTIONMARK	Swieteni a	
dojačka	0	doj ač k a	doj ač k a	OK_IDENTICAL	doj ač k a	
Dyjička	0	Dyj ič k a	Dyj ičk a	FIXME_DIFFERENT	Dyj ičk a	
Štiavnička	1	Štiav nič ka	Štiav n i čk a	FIXME_DIFFERENT	Štiav n i čk a	
šperkovnička	0	šperk ov nič k a	šperk ovnič k a	FIXME_DIFFERENT	šperk ovnič k a	
medulka	0	medulka	?	FIXME_SD_QUESTIONMARK	medul k a	
tačanka	0	tačanka	?	FIXME_SD_QUESTIONMARK	tačank a	
Bystričanka	1	Bystr ičan ka	Bystr ič an k a	FIXME_DIFFERENT	Bystr ič an k a	
dominikánka	0	dominik án ka	dominik án ka	OK_IDENTICAL	dominik án ka	
Župka	0	Žup ka	?	FIXME_SD_QUESTIONMARK	Žup k a	
ploténkářka	1	plotén kář ka	plotén k ář k a	FIXME_DIFFERENT	plotén k ář k a	
veleinkvizitorka	1	vele inkviz it or ka	?	FIXME_SD_QUESTIONMARK	vele inkviz it or k a	
Krutská	0	Krut sk á	Kurt sk á	FIXME_SD_WRONG_LEMMA	Krut sk á	
Žižlavská	0	Žižlav sk á	Žižlav sk á	OK_IDENTICAL	Žižlav sk á	
Moťovská	0	Moť ov sk á	?	FIXME_SD_QUESTIONMARK	Moť ovsk á	
Hubatka	0	Huba t ka	Hub at k a	FIXME_DIFFERENT	Hub at k a	
Šťástka	0	Šťást ka	?	FIXME_SD_QUESTIONMARK	Šťást k a	
prvoligistka	1	prvo lig i st ka	prv o lig ist k a	FIXME_DIFFERENT	prv o lig ist k a	
cyklistka	1	cykl i st ka	cykl ist ik a	FIXME_SD_WRONG_LEMMA	cykl ist k a	
kanoistka	1	kanoi st ka	kano ist k a	FIXME_DIFFERENT	kano ist k a	
nechápavka	0	ne cháp av ka	ne cháp a v k a	FIXME_DIFFERENT	ne cháp a v k a	
rychloucpávka	0	rychl o u cpá v ka	rychl o u cp áv k a	FIXME_DIFFERENT	rychl o u cp á vk a	
Klenovka	0	Klen ov ka	?	FIXME_SD_QUESTIONMARK	Klen ov k a	
zubrovka	0	zubr o v ka	zubr ov k a	FIXME_DIFFERENT	zubr ov k a	
Korbela	1	Korbela	Korbel a	FIXME_DIFFERENT	Korbel a	
pupila	0	pupila	?	FIXME_SD_QUESTIONMARK	pupil a	
trula	0	trula	trul a	FIXME_DIFFERENT	trul a	
Buttula	1	Buttula	Buttul a	FIXME_DIFFERENT	Buttul a	
noema	1	noema	noem a	FIXME_DIFFERENT	noem a	
prodloužená	0	pro dlouž en á	pro dlouž en á	OK_IDENTICAL	pro dlouž en á	
Cigna	1	Cigna	Cign a	FIXME_DIFFERENT	Cign a	
základina	1	zá klad in a	zá klad in a	OK_IDENTICAL	zá klad in a	
ulehlina	1	u leh l in a	u leh l in a	OK_IDENTICAL	u leh l in a	
opričnina	1	opričn in a	?	FIXME_SD_QUESTIONMARK	opričn in a	
plavkovina	1	plav k ov in a	plav k ovin a	FIXME_DIFFERENT	plav k ovin a	
Anthozoa	1	Anthozoa	?	FIXME_SD_QUESTIONMARK	Anthozo a	
Churriguerra	1	Churriguerra	?	FIXME_SD_QUESTIONMARK	Churriguerr a	
Nátjašástra	0	Nátjašástra	?	FIXME_SD_QUESTIONMARK	Nátjašástr a	
Bavsa	1	Bavsa	Bavs a	FIXME_DIFFERENT	Bavs a	
Cucurbita	1	Cucurbita	?	FIXME_SD_QUESTIONMARK	Cucurbit a	
Madoqua	1	Madoqua	?	FIXME_SD_QUESTIONMARK	Madoqua	
Lukava	0	Lukava	?	FIXME_SD_QUESTIONMARK	Luk av a	
Bobrava	0	Bobrava	Bobr av a	FIXME_DIFFERENT	Bobrav a	
Ryšavá	0	Ryš av á	?	FIXME_SD_QUESTIONMARK	Ryš av á	
Nosticová	0	Nostic ov á	?	FIXME_SD_QUESTIONMARK	Nostic ov á	
Streisandová	1	Streisand ová	?	FIXME_SD_QUESTIONMARK	Streisand ov á	
Ryschichová	1	Ryschich ová	?	FIXME_SD_QUESTIONMARK	Ryschich ov á	
Samardzichová	0	Samardzich ov á	?	FIXME_SD_QUESTIONMARK	Samardzich ov á	
Aldworthová	1	Aldworth ová	Ald worth ov á	FIXME_DIFFERENT	Aldworth ov á	
Lesňáková	0	Les ňák ov á	Les ň ák ov á	FIXME_DIFFERENT	Les ň ák ov á	
Blažeková	0	Blaž ek ov á	Blaž ek ov á	OK_IDENTICAL	Blaž ek ov á	
Ferulíková	1	Ferulík ová	?	FIXME_SD_QUESTIONMARK	Ferul ík ov á	
Hutníková	0	Hutn ík ov á	Hut ník ov á	FIXME_DIFFERENT	Hut ník ov á	
Věžníková	0	Věž n ík ov á	Věž ník ov á	FIXME_DIFFERENT	Věž ník ov á	
Škorpíková	0	Škorp ík ov á	Škorp ík ov á	OK_IDENTICAL	Škorp ík ov á	
Litvíková	0	Litv ík ov á	Litv ík ov á	OK_IDENTICAL	Litv ík ov á	
Jampílková	1	Jampílk ová	Jamp ílk ov á	FIXME_DIFFERENT	Jampíl k ov á	
Hromková	0	Hrom k ov á	Hrom k ov á	OK_IDENTICAL	Hrom k ov á	
Koubínková	1	Koubínk ová	Koub ínk ov á	FIXME_DIFFERENT	Koub ínk ov á	
Dunková	1	Dunk ová	Dun k ov á	FIXME_DIFFERENT	Dun k ov á	
Oriešková	1	Oriešk ová	Orieš k ov á	FIXME_DIFFERENT	Orieš k ov á	
Zoubelová	0	Zoub el ov á	?	FIXME_SD_QUESTIONMARK	Zoubel ov á	
McConnellová	1	McConnell ová	Mc Connell ov á	FIXME_DIFFERENT	Mc Connell ov á	
Križmová	1	Križm ová	Křižm ov á	FIXME_SD_WRONG_LEMMA	Křižm ov á	
Juhasová	0	Juhas ov á	Juhas ov á	OK_IDENTICAL	Juhas ov á	
Stilesová	0	Stiles ov á	?	FIXME_SD_QUESTIONMARK	Stiles ov á	
Kieransová	1	Kierans ová	?	FIXME_SD_QUESTIONMARK	Kierans ov á	
Lepšová	0	Lepš ov á	Lepš ov á	OK_IDENTICAL	Lepš ov á	
Tabartová	0	Tabart ov á	Tabart ov á	OK_IDENTICAL	Tabart ov á	
Gaza	1	Gaza	Gaz a	FIXME_DIFFERENT	Gaz a	
Zobač	0	Zob ač	Zob a č	FIXME_DIFFERENT	Zob a č	
Sagnac	1	Sagnac	Sagnac	OK_IDENTICAL	Sagnac	
upínač	0	u pín ač	u pín a č	FIXME_DIFFERENT	u pín a č	
Cibulec	0	Cibul ec	Cibul ec	OK_IDENTICAL	Cibul ec	
Sokolovec	0	Sokol ov ec	Sokol ov ec	OK_IDENTICAL	Sokol ov ec	
Karachánovec	0	Karachán ov ec	?	FIXME_SD_QUESTIONMARK	Karachán ov ec	
mřížovec	0	mříž ov ec	mříž ov ec	OK_IDENTICAL	mříž ov ec	
Katrič	1	Katrič	?	FIXME_SD_QUESTIONMARK	Katrič	
Krumholc	0	Krumholc	?	FIXME_SD_QUESTIONMARK	Krumholc	
Island	1	Island	?	FIXME_SD_QUESTIONMARK	Island	
Neuland	1	Neuland	Neu land	FIXME_DIFFERENT	Neuland	
Eskifjord	1	Eskifjord	Eski fjord	FIXME_DIFFERENT	Eskifjord	
Slabihoud	0	Slabi houd	?	FIXME_SD_QUESTIONMARK	Slabihoud	
třízubě	0	tří zub ě	tř í zub ě	FIXME_DIFFERENT	tř í zub ě	
Hubenice	1	Huben ic e	Hub en ic e	FIXME_DIFFERENT	Hub en ic e	
soukenice	1	souk en ic e	souk en ic e	OK_IDENTICAL	souk en ic e	
setnice	1	set n ic e	set ni c e	FIXME_DIFFERENT	set ni c e	
Patrice	1	Patrice	?	FIXME_SD_QUESTIONMARK	Patric e	
Černýšovice	1	Černý šov ic e	?	FIXME_SD_QUESTIONMARK	Čern ýš ov ic e	
polyvalence	1	poly valence	?	FIXME_SD_QUESTIONMARK	poly valenc e	
Chlívce	1	Chlívce	Chlív c e	FIXME_DIFFERENT	Chlív c e	
Krohe	1	Krohe	Krohe	OK_IDENTICAL	Krohe	
propodruhé	0	pro po druh é	pro po druh é	OK_IDENTICAL	pro po druh é	
elektroencefalografie	1	elektr o encefalo graf ie	elektr o encefal o graf i e	FIXME_DIFFERENT	elektr o encefal o graf i e	
audiopáska	1	audio pás ka	audio pás k a	OK_MATCHABLE	audio pás k a	
špatnůstka	0	špatn ůst ka	špatn ůst k a	OK_MATCHABLE	špatn ůst k a	
Valbusaová	1	Valbusa ová	Valbusa ov á	OK_MATCHABLE	Valbusa ov á	
Paigeová	1	Paige ová	Paige ov á	OK_MATCHABLE	Paige ov á	
Durajková	0	Durajk o vá	Durajk ov á	OK_MATCHABLE	Durajk ov á	
Šteglová	1	Štegl ová	Štegl ov á	OK_MATCHABLE	Štegl ov á	
Zellová	1	Zell ová	Zell ov á	OK_MATCHABLE	Zell ov á	
Fišarová	1	Fišar ová	Fišar ov á	OK_MATCHABLE	Fišar ov á	
Mühlerová	1	Mühler ová	Mühler ov á	OK_MATCHABLE	Mühler ov á	
Gloserová	1	Gloser ová	Gloser ov á	OK_MATCHABLE	Gloser ov á	
Miliusová	1	Milius ová	Milius ov á	OK_MATCHABLE	Milius ov á	
Goepfertová	1	Goepfert ová	Goepfert ov á	OK_MATCHABLE	Goepfert ov á	
zachrápaně	0	za chráp an ě	za chráp a n ě	OK_MATCHABLE	za chráp a n ě	
vechvátaně	0	ve chvát an ě	ve chvát a n ě	OK_MATCHABLE	ve chvát a n ě	
zmetaně	0	z met an ě	z met a n ě	OK_MATCHABLE	z met a n ě	
deptaně	1	depta n ě	dept a n ě	OK_MATCHABLE	dept a n ě	
odškrabávaně	0	od škrab áv an ě	od škrab á v a n ě	OK_MATCHABLE	od škrab á v a n ě	
zaslýchávaně	0	za slých áv a n ě	za slých á v a n ě	OK_MATCHABLE	za slých á v a n ě	
vykulhávaně	0	vy kulh áv a n ě	vy kulh á v a n ě	OK_MATCHABLE	vy kulh á v a n ě	
odstříkávaně	0	od střík áv a n ě	od střík á v a n ě	OK_MATCHABLE	od střík á v a n ě	
nažbleptávaně	0	na žblept áv a n ě	na žblept á v a n ě	OK_MATCHABLE	na žblept á v a n ě	
zavlačovávaně	0	za vlač ov áv a n ě	za vlač ová v a n ě	OK_MATCHABLE	za vlač ová v a n ě	
zkrvácovávaně	0	z krv ác ov áv a n ě	z krv ác ová v a n ě	OK_MATCHABLE	z krv ác ová v a n ě	
posvěcovávaně	0	po svěc ov áv a n ě	po svěc ová v a n ě	OK_MATCHABLE	po svěc ová v a n ě	
znovunastolovávaně	0	znovu na stol ov áv a n ě	znovu na stol ová v a n ě	OK_MATCHABLE	znovu na stol ová v a n ě	
zgalvanovávaně	1	z galvan ová va n ě	z galvan ová v a n ě	OK_MATCHABLE	z galvan ová v a n ě	
zahmuřovávaně	0	za hmuř ov áv a n ě	za hmuř ová v a n ě	OK_MATCHABLE	za hmuř ová v a n ě	
zbarvovávaně	0	z barv ov áv a n ě	z barv ová v a n ě	OK_MATCHABLE	z barv ová v a n ě	
vkluzovávaně	0	v kluz ov áv a n ě	v kluz ová v a n ě	OK_MATCHABLE	v kluz ová v a n ě	
prostohovaně	0	pro stoh o van ě	pro stoh ova n ě	OK_MATCHABLE	pro stoh ova n ě	
zhubičkovaně	0	z hub ičk o va n ě	z hub ičk ova n ě	OK_MATCHABLE	z hub ičk ova n ě	
přimalovaně	0	při mal o va n ě	při mal ova n ě	OK_MATCHABLE	při mal ova n ě	
šmoulovaně	0	šmoul o va n ě	šmoul ova n ě	OK_MATCHABLE	šmoul ova n ě	
zbarokisovaně	1	z barok is ov an ě	z barok is ova n ě	OK_MATCHABLE	z barok isova n ě	
kvantizovaně	1	kvant iz ov an ě	kvant iz ova n ě	OK_MATCHABLE	kvant izova n ě	
přeúhořeně	0	pře úhoř en ě	pře úhoř e n ě	OK_MATCHABLE	pře úhoř e n ě	
zoufávatelně	1	zouf áv a teln ě	zouf á v a teln ě	OK_MATCHABLE	zouf á v a teln ě	
rozposlouchávatelně	0	roz po slouch áv a teln ě	roz po slouch á v a teln ě	OK_MATCHABLE	roz po slouch á v a teln ě	
uzdvihávatelně	0	u zdvih áv a teln ě	u zdvih á v a teln ě	OK_MATCHABLE	u zdvih á v a teln ě	
zakolotávatelně	0	za kolot áv a teln ě	za kolot á v a teln ě	OK_MATCHABLE	za kol ot á v a teln ě	
zarajcovávatelně	1	za rajc ov áv a teln ě	za rajc ová v a teln ě	OK_MATCHABLE	za rajc ová v a teln ě	
zledovávatelně	0	z led ov áv a teln ě	z led ová v a teln ě	OK_MATCHABLE	z led ová v a teln ě	
vtipkovávatelně	0	vtip k ov áv a teln ě	vtip k ová v a teln ě	OK_MATCHABLE	vtip k ová v a teln ě	
posilovávatelně	0	po sil ov áv a teln ě	po sil ová v a teln ě	OK_MATCHABLE	po sil ová v a teln ě	
šumovávatelně	0	šum ov áv a teln ě	šum ová v a teln ě	OK_MATCHABLE	šum ová v a teln ě	
galvanovávatelně	1	galvan ov áv a teln ě	galvan ová v a teln ě	OK_MATCHABLE	galvan ová v a teln ě	
doproviňovávatelně	0	do pro viň ov áv a teln ě	do pro viň ová v a teln ě	OK_MATCHABLE	do pro viň ová v a teln ě	
zacupovávatelně	0	za cup ov áv a teln ě	za cup ová v a teln ě	OK_MATCHABLE	za cup ová v a teln ě	
zašpárovávatelně	0	za špár ov áv a teln ě	za špár ová v a teln ě	OK_MATCHABLE	za špár ová v a teln ě	
trvávatelně	0	trv áv a teln ě	trv á v a teln ě	OK_MATCHABLE	trv á v a teln ě	
tábořívatelně	0	táboř íva teln ě	táboř í v a teln ě	OK_MATCHABLE	táboř í v a teln ě	
malátně	1	malátn ě	malát n ě	OK_MATCHABLE	malát n ě	
průmyslověprávně	0	prů mysl ov ě právn ě	prů mysl ov ě práv n ě	OK_MATCHABLE	prů mysl ov ě práv n ě	
vysílačkově	0	vy síl ač kov ě	vy síl ač k ov ě	OK_MATCHABLE	vy síl ač k ov ě	
přihlédací	0	při hléd ac í	při hléd a c í	OK_MATCHABLE	při hléd a c í	
přiklekací	0	při klek ac í	při klek a c í	OK_MATCHABLE	při klek a c í	
tiskací	0	tisk ac í	tisk a c í	OK_MATCHABLE	tisk a c í	
přilínací	0	při lín ac í	při lín a c í	OK_MATCHABLE	při lín a c í	
šplechtací	0	šplechta c í	šplecht a c í	OK_MATCHABLE	šplecht a c í	
ocejchovávací	0	o cejch ov áv a c í	o cejch ová v a c í	OK_MATCHABLE	o cejch ová v a c í	
ukojovávací	0	u koj ov áv a c í	u koj ová v a c í	OK_MATCHABLE	u koj ová v a c í	
přetitulkovávací	0	pře titul k ov áv a c í	pře titul k ová v a c í	OK_MATCHABLE	pře titul k ová v a c í	
zatravňovávací	0	za trav ň ov áv a c í	za trav ň ová v a c í	OK_MATCHABLE	za trav ň ová v a c í	
ignorovávací	1	ignor ov áv a c í	ignor ová v a c í	OK_MATCHABLE	ignor ová v a c í	
germanisovávací	1	german is ov áv a c í	german is ová v a c í	OK_MATCHABLE	german isová v a c í	
sesazovávací	0	se saz ov áv a c í	se saz ová v a c í	OK_MATCHABLE	se saz ová v a c í	
dooplozovávací	0	do o ploz ov áv a c í	do o ploz ová v a c í	OK_MATCHABLE	do o ploz ová v a c í	
doplácívací	0	do plác ív a c í	do plác í v a c í	OK_MATCHABLE	do plác í v a c í	
třeštívací	0	třešt ív a c í	třešt í v a c í	OK_MATCHABLE	třešt í v a c í	
plácající	0	plác a jí c í	plác aj íc í	OK_MATCHABLE	plác aj íc í	
zdající	0	zda jí c í	zd aj íc í	OK_MATCHABLE	zd aj íc í	
hafající	1	haf ající	haf aj íc í	OK_MATCHABLE	haf aj íc í	
obsílající	0	ob síl a jí c í	ob síl aj íc í	OK_MATCHABLE	ob síl aj íc í	
vepřádávající	0	ve přád áv a jí c í	ve přád á v aj íc í	OK_MATCHABLE	ve přád á v aj íc í	
říhávající	0	říh áv a jí c í	říh á v aj íc í	OK_MATCHABLE	říh á v aj íc í	
žlábkovávající	0	žláb k ov áv a jí c í	žláb k ová v aj íc í	OK_MATCHABLE	žláb k ová v aj íc í	
štrajkovávající	0	štrajk ov áv a jí c í	štrajk ová v aj íc í	OK_MATCHABLE	štrajk ová v aj íc í	
usmykovávající	0	u smyk ov áv a jí c í	u smyk ová v aj íc í	OK_MATCHABLE	u smyk ová v aj íc í	
zatrénovávající	0	za trén ov áv a jí c í	za trén ová v aj íc í	OK_MATCHABLE	za trén ová v aj íc í	
vytopovávající	0	vy top ov áv a jí c í	vy top ová v aj íc í	OK_MATCHABLE	vy top ová v aj íc í	
přikupovávající	0	při kup ov áv a jí c í	při kup ová v aj íc í	OK_MATCHABLE	při kup ová v aj íc í	
dekretovávající	1	dekret ov áv a jí c í	dekret ová v aj íc í	OK_MATCHABLE	dekret ová v aj íc í	
komentovávající	1	koment ov áv a jí c í	koment ová v aj íc í	OK_MATCHABLE	koment ová v aj íc í	
zřizovávající	0	z řiz ov áv a jí c í	z řiz ová v aj íc í	OK_MATCHABLE	z řiz ová v aj íc í	
přinožovávající	0	při nož ov áv a jí c í	při nož ová v aj íc í	OK_MATCHABLE	při nož ová v aj íc í	
vězívající	0	věz íva jí c í	věz í v aj íc í	OK_MATCHABLE	věz í v aj íc í	
flastrující	1	flastr ují c í	flastr uj íc í	OK_MATCHABLE	flastr uj íc í	
vhoukávání	0	v houk áv á n í	v houk á v á n í	OK_MATCHABLE	v houk á v á n í	
zatykávání	0	za tyk áv á n í	za tyk á v á n í	OK_MATCHABLE	za tyk á v á n í	
proklímávání	0	pro klím áv á n í	pro klím á v á n í	OK_MATCHABLE	pro klím á v á n í	
slejvávání	0	s lej váv á n í	s lej vá v á n í	OK_MATCHABLE	s lej vá v á n í	
napajcovávání	1	na pajc ov áv á n í	na pajc ová v á n í	OK_MATCHABLE	na pajc ová v á n í	
přeputovávání	0	pře put ov áv á n í	pře put ová v á n í	OK_MATCHABLE	pře put ová v á n í	
vyluzovávání	0	vy luz ov áv á n í	vy luz ová v á n í	OK_MATCHABLE	vy luz ová v á n í	
přikrčování	0	při krč ov á n í	při krč ová n í	OK_MATCHABLE	při krč ová n í	
doštrikování	1	do štrik ov án í	do štrik ová n í	OK_MATCHABLE	do štrik ová n í	
pískování	0	písk ov á n í	písk ová n í	OK_MATCHABLE	písk ová n í	
zprůchodňování	0	z prů chod ň ov á n í	z prů chod ň ová n í	OK_MATCHABLE	z prů chod ň ová n í	
dotěsňování	0	do těsň ov á n í	do těsň ová n í	OK_MATCHABLE	do těsň ová n í	
zmonolitňování	0	z mono lit ň ov á n í	z mono lit ň ová n í	OK_MATCHABLE	z mono lit ň ová n í	
doštupování	0	do štup ov á n í	do štup ová n í	OK_MATCHABLE	do štup ová n í	
dosalutování	0	do salut ov á n í	do salut ová n í	OK_MATCHABLE	do salut ová n í	
zakonzervování	1	za konzerv ov á n í	za konzerv ová n í	OK_MATCHABLE	za konzerv ová n í	
zvalorizování	1	z valor iz ov á n í	z valor iz ová n í	OK_MATCHABLE	z valor izová n í	
naproudění	0	na proud ěn í	na proud ě n í	OK_MATCHABLE	na proud ě n í	
donastřelovavší	0	do na střel ova v š í	do na střel ova vš í	OK_MATCHABLE	do na střel ova vš í	
uštelovavší	0	u štel ova v š í	u štel ova vš í	OK_MATCHABLE	u štel ova vš í	
dooslňovavší	0	do o slň ova v š í	do o slň ova vš í	OK_MATCHABLE	do o slň ova vš í	
zaštupovavší	0	za štup ova v š í	za štup ova vš í	OK_MATCHABLE	za štup ova vš í	
zmineralisovavší	0	z mineral isova v š í	z mineral is ova vš í	OK_MATCHABLE	z mineral isova vš í	
zheroizovavší	1	z hero iz ov a v š í	z hero iz ova vš í	OK_MATCHABLE	z hero izova vš í	
vytermovázavší	1	vy term o váz a v š í	vy term o váz a vš í	OK_MATCHABLE	vy term o váz a vš í	
odvlnivší	0	od vln i v š í	od vln i vš í	OK_MATCHABLE	od vln i vš í	
ohodnotivší	0	o hodn ot i v š í	o hodn ot i vš í	OK_MATCHABLE	o hodn ot i vš í	
vevléknuvší	0	ve vlék nu v š í	ve vlék nu vš í	OK_MATCHABLE	ve vlék nu vš í	
Liberečančin	1	Libereč an čin	Libereč an č in	OK_MATCHABLE	Libereč an č in	
Robinsončin	1	Robinson čin	Robinson č in	OK_MATCHABLE	Robinson č in	
soudružčin	0	sou druž čin	sou druž č in	OK_MATCHABLE	sou druž č in	
zpékat	0	z pék at	z pék a t	OK_MATCHABLE	z pék a t	
uštěkat	0	u štěk at	u štěk a t	OK_MATCHABLE	u štěk a t	
přivydělat	0	při vy děl at	při vy děl a t	OK_MATCHABLE	při vy děl a t	
propovídávat	0	pro po víd áv at	pro po víd á v a t	OK_MATCHABLE	pro po víd á v a t	
rozcmrndávat	0	roz cmrnd áv at	roz cmrnd á v a t	OK_MATCHABLE	roz cmrnd á v a t	
šlehávat	0	šleh áv at	šleh á v a t	OK_MATCHABLE	šleh á v a t	
rozchytávat	0	roz chyt áv a t	roz chyt á v a t	OK_MATCHABLE	roz chyt á v a t	
karbovávat	0	karbov áv a t	karb ová v a t	OK_MATCHABLE	karb ová v a t	
shybovávat	0	s hyb ov áv a t	s hyb ová v a t	OK_MATCHABLE	s hyb ová v a t	
dosahovávat	0	do sah ov áv a t	do sah ová v a t	OK_MATCHABLE	do sah ová v a t	
fóliovávat	1	fóli ov áv a t	fóli ová v a t	OK_MATCHABLE	fóli ová v a t	
špekovávat	0	špek ov áv a t	špek ová v a t	OK_MATCHABLE	špek ová v a t	
vyceňovávat	0	vy ceň ov áv a t	vy ceň ová v a t	OK_MATCHABLE	vy ceň ová v a t	
odrapovávat	0	od rap ov áv a t	od rap ová v a t	OK_MATCHABLE	od rap ová v a t	
metaforizovávat	1	meta for iz ov áv a t	meta for iz ová v a t	OK_MATCHABLE	meta for izová v a t	
rychlonabíjívat	0	rychl o na bíj ív a t	rychl o na bíj í v a t	OK_MATCHABLE	rychl o na bíj í v a t	
ložívat	0	lož ívat	lož í v a t	OK_MATCHABLE	lož í v a t	
převerbovat	0	pře verb ov a t	pře verb ova t	OK_MATCHABLE	pře verb ova t	
skrečovat	0	skreč ov a t	skreč ova t	OK_MATCHABLE	skreč ova t	
zaneprazdňovat	0	za ne prazdň ov a t	za ne prazdň ova t	OK_MATCHABLE	za ne prazdň ova t	
vystresovat	0	vy stres ov a t	vy stres ova t	OK_MATCHABLE	vy stres ova t	
zmythologisovat	1	z myth o log is ov a t	z myth o log is ova t	OK_MATCHABLE	z myth o log isova t	
odstartovat	0	od start ovat	od start ova t	OK_MATCHABLE	od start ova t	
vyrejžovat	0	vy rejž ov a t	vy rejž ova t	OK_MATCHABLE	vy rejž ova t	
vyvenčit	1	vy ven č it	vy ven č i t	OK_MATCHABLE	vy ven č i t	
zvučit	0	zvuč it	zvuč i t	OK_MATCHABLE	zvuč i t	
nakojit	0	na koj it	na koj i t	OK_MATCHABLE	na koj i t	
zopernit	0	z oper n it	z oper n i t	OK_MATCHABLE	z oper n i t	
vyvětřit	0	vy větř it	vy větř i t	OK_MATCHABLE	vy větř i t	
odcizit	0	od ciz it	od ciz i t	OK_MATCHABLE	od ciz i t	
odložit	0	od lož it	od lož i t	OK_MATCHABLE	od lož i t	
vrhanost	0	vrh an ost	vrh a n ost	OK_MATCHABLE	vrh a n ost	
viklanost	0	vikl an ost	vikl a n ost	OK_MATCHABLE	vikl a n ost	
roztoulanost	0	roz toul an ost	roz toul a n ost	OK_MATCHABLE	roz toul a n ost	
vhečmanost	1	v hečm an ost	v hečm a n ost	OK_MATCHABLE	v hečm a n ost	
zbobtnanost	0	z bobtn an ost	z bobtn a n ost	OK_MATCHABLE	z bobtn a n ost	
rozkolísanost	0	roz kolísan ost	roz kolís a n ost	OK_MATCHABLE	roz kolís a n ost	
ujebávanost	0	u jeb ávan ost	u jeb á v a n ost	OK_MATCHABLE	u jeb á v a n ost	
vylehávanost	0	vy leh ávan ost	vy leh á v a n ost	OK_MATCHABLE	vy leh á v a n ost	
ošukávanost	0	o šuk ávan ost	o šuk á v a n ost	OK_MATCHABLE	o šuk á v a n ost	
vyslípávanost	0	vy slíp ávan ost	vy slíp á v a n ost	OK_MATCHABLE	vy slíp á v a n ost	
zažírávanost	0	za žír ávan ost	za žír á v a n ost	OK_MATCHABLE	za žír á v a n ost	
počurávanost	0	po čur ávan ost	po čur á v a n ost	OK_MATCHABLE	po čur á v a n ost	
vyzpytávanost	0	vy zpyt ávan ost	vy zpyt á v a n ost	OK_MATCHABLE	vy zpyt á v a n ost	
pakovávanost	0	pak ov ávan ost	pak ová v a n ost	OK_MATCHABLE	pak ová v a n ost	
přibalovávanost	0	při bal ov ávan ost	při bal ová v a n ost	OK_MATCHABLE	při bal ová v a n ost	
začachrovávanost	0	za čachr ov ávan ost	za čachr ová v a n ost	OK_MATCHABLE	za čachr ová v a n ost	
ocenzurovávanost	1	o cenzur ov áv a n ost	o cenzur ová v a n ost	OK_MATCHABLE	o cenzur ová v a n ost	
zaklíšťovávanost	0	za klíšť ov ávan ost	za klíšť ová v a n ost	OK_MATCHABLE	za klíšť ová v a n ost	
sabrážovávanost	0	sabráž ov ávan ost	sabráž ová v a n ost	OK_MATCHABLE	sabráž ová v a n ost	
antagonizovávanost	1	anta gon iz ov áv a n ost	anta gon iz ová v a n ost	OK_MATCHABLE	anta gon izová v a n ost	
plejtvávanost	0	plejtv ávan ost	plejtv á v a n ost	OK_MATCHABLE	plejtv á v a n ost	
odštěničovanost	0	od štěn ič ovan ost	od štěn ič ova n ost	OK_MATCHABLE	od štěn ič ova n ost	
rozporcovanost	0	roz porc ov an ost	roz porc ova n ost	OK_MATCHABLE	roz porc ova n ost	
oštrikovanost	1	o štrik ovan ost	o štrik ova n ost	OK_MATCHABLE	o štrik ova n ost	
modelovanost	0	model ov an ost	model ova n ost	OK_MATCHABLE	model ova n ost	
zašpejlovanost	0	za špejl ov an ost	za špejl ova n ost	OK_MATCHABLE	za špejl ova n ost	
odchylovanost	0	od chyl ov an ost	od chyl ova n ost	OK_MATCHABLE	od chyl ova n ost	
přičleňovanost	0	při čleň ov an ost	při čleň ova n ost	OK_MATCHABLE	při čleň ova n ost	
uzemňovanost	0	u zem ň ov an ost	u zem ň ova n ost	OK_MATCHABLE	u zem ň ova n ost	
zareturnovanost	0	za return ov an ost	za return ova n ost	OK_MATCHABLE	za return ova n ost	
přišněrovanost	0	při šněr ov an ost	při šněr ova n ost	OK_MATCHABLE	při šněr ova n ost	
zhangrovanost	1	z hangrovan ost	z hangr ova n ost	OK_MATCHABLE	z hangr ova n ost	
přezahořovanost	0	pře za hoř ov an ost	pře za hoř ova n ost	OK_MATCHABLE	pře za hoř ova n ost	
vyhořovanost	0	vy hoř ov an ost	vy hoř ova n ost	OK_MATCHABLE	vy hoř ova n ost	
zvěšovanost	0	z věš ov an ost	z věš ova n ost	OK_MATCHABLE	z věš ova n ost	
osušovanost	0	o suš ov an ost	o suš ova n ost	OK_MATCHABLE	o suš ova n ost	
proklesťovanost	0	pro klesť ov an ost	pro klesť ova n ost	OK_MATCHABLE	pro klesť ova n ost	
rozhazovanost	0	roz haz ov an ost	roz haz ova n ost	OK_MATCHABLE	roz haz ova n ost	
opryžovanost	0	o pryž ov an ost	o pryž ova n ost	OK_MATCHABLE	o pryž ova n ost	
vychraptěnost	0	vy chrapt ěn ost	vy chrapt ě n ost	OK_MATCHABLE	vy chrapt ě n ost	
očichávatelnost	0	o čich áv a teln ost	o čich á v a teln ost	OK_MATCHABLE	o čich á v a teln ost	
dočmuchávatelnost	0	do čmuch áv a teln ost	do čmuch á v a teln ost	OK_MATCHABLE	do čmuch á v a teln ost	
čmárávatelnost	0	čmár áv a teln ost	čmár á v a teln ost	OK_MATCHABLE	čmár á v a teln ost	
vyčurávatelnost	0	vy čur áv a teln ost	vy čur á v a teln ost	OK_MATCHABLE	vy čur á v a teln ost	
dorachtávatelnost	0	do racht áv a teln ost	do racht á v a teln ost	OK_MATCHABLE	do racht á v a teln ost	
usoustruhovávatelnost	0	u sou struh ov áv a teln ost	u sou struh ová v a teln ost	OK_MATCHABLE	u sou struh ová v a teln ost	
dopatrolovávatelnost	0	do patrol ov áv a teln ost	do patrol ová v a teln ost	OK_MATCHABLE	do patrol ová v a teln ost	
šelmovávatelnost	0	šelm ov áv a teln ost	šelm ová v a teln ost	OK_MATCHABLE	šelm ová v a teln ost	
zkonsumovávatelnost	1	z konsum ov áv a teln ost	z konsum ová v a teln ost	OK_MATCHABLE	z konsum ová v a teln ost	
zatrubňovávatelnost	0	za trub ň ov áv a teln ost	za trub ň ová v a teln ost	OK_MATCHABLE	za trub ň ová v a teln ost	
navagónovávatelnost	1	na vagón ov áv a teln ost	na vagón ová v a teln ost	OK_MATCHABLE	na vagón ová v a teln ost	
posunovávatelnost	0	po sun ov áv a teln ost	po sun ová v a teln ost	OK_MATCHABLE	po sun ová v a teln ost	
nakupírovávatelnost	0	na kupír ov áv a teln ost	na kupír ová v a teln ost	OK_MATCHABLE	na kupír ová v a teln ost	
uletovávatelnost	0	u let ov áv a teln ost	u let ová v a teln ost	OK_MATCHABLE	u let ová v a teln ost	
přešlukovatelnost	0	pře šluk ov a teln ost	pře šluk ova teln ost	OK_MATCHABLE	pře šluk ova teln ost	
exhumovatelnost	1	ex hum ov a teln ost	ex hum ova teln ost	OK_MATCHABLE	ex hum ova teln ost	
prolisovatelnost	1	pro lis ov a teln ost	pro lis ova teln ost	OK_MATCHABLE	pro lis ova teln ost	
debutovatelnost	1	debut ov a teln ost	debut ova teln ost	OK_MATCHABLE	debut ova teln ost	
zmrvovatelnost	0	z mrv ov a teln ost	z mrv ova teln ost	OK_MATCHABLE	z mrv ova teln ost	
zkrystalizovatelnost	1	z krystal iz ov a teln ost	z krystal iz ova teln ost	OK_MATCHABLE	z krystal izova teln ost	
pětistrannost	0	pět i strann ost	pět i stran n ost	OK_MATCHABLE	pět i stran n ost	
šestasedmdesátičlennost	0	šest a sedm desát i členn ost	šest a sedm desát i člen n ost	OK_MATCHABLE	šest a sedm desát i člen n ost	
Polenkův	1	Polenk ův	Polen k ův	OK_MATCHABLE	Polen k ův	
Vosejpkův	0	Vo sejpk ův	Vo sejp k ův	OK_MATCHABLE	Vo sejp k ův	
vyzdvíhávaný	0	vy zdvíh áv a n ý	vy zdvíh á v a n ý	OK_MATCHABLE	vy zdvíh á v a n ý	
rozestrkávaný	0	roze strk áv a n ý	roze strk á v a n ý	OK_MATCHABLE	roze strk á v a n ý	
vecpávaný	0	ve cp áv a n ý	ve cp á v a n ý	OK_MATCHABLE	ve cp á v a n ý	
přisévávaný	0	při sév áv a n ý	při sév á v a n ý	OK_MATCHABLE	při sév á v a n ý	
dozpracovávaný	0	do z prac o váv a n ý	do z prac ová v a n ý	OK_MATCHABLE	do z prac ová v a n ý	
popučovávaný	0	po puč ov áv a n ý	po puč ová v a n ý	OK_MATCHABLE	po puč ová v a n ý	
odštěpovávaný	0	od štěp o váv a n ý	od štěp ová v a n ý	OK_MATCHABLE	od štěp ová v a n ý	
zmikroskopovávaný	0	z mikro skop o váv a n ý	z mikro skop ová v a n ý	OK_MATCHABLE	z mikro skop ová v a n ý	
vjádrovávaný	0	v jádr o váv a n ý	v jádr ová v a n ý	OK_MATCHABLE	v jádr ová v a n ý	
přeorientovávaný	1	pře orient ov áv a n ý	pře orient ová v a n ý	OK_MATCHABLE	pře orient ová v a n ý	
odtestovávaný	1	od test ov áv a n ý	od test ová v a n ý	OK_MATCHABLE	od test ová v a n ý	
překoštovávaný	0	pře košt o váv a n ý	pře košt ová v a n ý	OK_MATCHABLE	pře košt ová v a n ý	
zlaicizovávaný	1	z laic iz ov áv a n ý	z laic iz ová v a n ý	OK_MATCHABLE	z laic izová v a n ý	
desexualizovávaný	1	de sex ual iz ov áv a n ý	de sex ual iz ová v a n ý	OK_MATCHABLE	de sex ual izová v a n ý	
vábívaný	0	váb ív a n ý	váb í v a n ý	OK_MATCHABLE	váb í v a n ý	
vystačovaný	0	vy stač ov a n ý	vy stač ova n ý	OK_MATCHABLE	vy stač ova n ý	
švenkovaný	1	švenk ov a n ý	švenk ova n ý	OK_MATCHABLE	švenk ova n ý	
ocyklovaný	1	o cykl ov a n ý	o cykl ova n ý	OK_MATCHABLE	o cykl ova n ý	
pozeleňovaný	0	po zeleň ov a n ý	po zeleň ova n ý	OK_MATCHABLE	po zeleň ova n ý	
vklínovaný	0	v klín ov a n ý	v klín ova n ý	OK_MATCHABLE	v klín ova n ý	
zřasovaný	0	z řas ov a n ý	z řas ova n ý	OK_MATCHABLE	z řas ova n ý	
římsovaný	0	říms ov a n ý	říms ova n ý	OK_MATCHABLE	říms ova n ý	
obarvovaný	0	o barv ov a n ý	o barv ova n ý	OK_MATCHABLE	o barv ova n ý	
fašizovaný	1	faš iz ov a n ý	faš iz ova n ý	OK_MATCHABLE	faš izova n ý	
shlazený	0	s hlaz e n ý	s hlaz en ý	OK_MATCHABLE	s hlaz en ý	
rozsazený	0	roz saz e n ý	roz saz en ý	OK_MATCHABLE	roz saz en ý	
podrbávatelný	0	po drb áv a teln ý	po drb á v a teln ý	OK_MATCHABLE	po drb á v a teln ý	
ošolichávatelný	0	o šolich áv a teln ý	o šolich á v a teln ý	OK_MATCHABLE	o šolich á v a teln ý	
podestýlávatelný	0	pode stýl áv a teln ý	pode stýl á v a teln ý	OK_MATCHABLE	pode stýl á v a teln ý	
propočítávatelný	0	pro po čít áv a teln ý	pro po čít á v a teln ý	OK_MATCHABLE	pro po čít á v a teln ý	
umilovávatelný	0	u mil ov áv a teln ý	u mil ová v a teln ý	OK_MATCHABLE	u mil ová v a teln ý	
převolovávatelný	0	pře vol ov áv a teln ý	pře vol ová v a teln ý	OK_MATCHABLE	pře vol ová v a teln ý	
filmovávatelný	1	film ov áv a teln ý	film ová v a teln ý	OK_MATCHABLE	film ová v a teln ý	
otejpovávatelný	0	o tejp ov áv a teln ý	o tejp ová v a teln ý	OK_MATCHABLE	o tejp ová v a teln ý	
ušetřovávatelný	0	u šetř ov áv a teln ý	u šetř ová v a teln ý	OK_MATCHABLE	u šetř ová v a teln ý	
záplatovávatelný	0	zá plat ov áv a teln ý	zá plat ová v a teln ý	OK_MATCHABLE	zá plat ová v a teln ý	
pachtovávatelný	0	pacht ov áv a teln ý	pacht ová v a teln ý	OK_MATCHABLE	pacht ová v a teln ý	
konstruovávatelný	1	kon stru ov áv a teln ý	kon stru ová v a teln ý	OK_MATCHABLE	kon stru ová v a teln ý	
vyživovávatelný	0	vy živ ov áv a teln ý	vy živ ová v a teln ý	OK_MATCHABLE	vy živ ová v a teln ý	
kadencovatelný	1	kadenc ov a teln ý	kadenc ova teln ý	OK_MATCHABLE	kadenc ova teln ý	
gaučovatelný	1	gauč ov a teln ý	gauč ova teln ý	OK_MATCHABLE	gauč ova teln ý	
zmultitaskovatelný	0	z multi task ov a teln ý	z multi task ova teln ý	OK_MATCHABLE	z multi task ova teln ý	
zmikrofilmovatelný	1	z mikro film ov a teln ý	z mikro film ova teln ý	OK_MATCHABLE	z mikro film ova teln ý	
prokluzovatelný	0	pro kluz ov a teln ý	pro kluz ova teln ý	OK_MATCHABLE	pro kluz ova teln ý	
přituhle	0	při tuh l e	při tuh l e	OK_IDENTICAL	při tuh l e	
obvykle	0	ob vykl e	ob vyk l e	FIXME_DIFFERENT	ob vyk l e	
zadřímle	0	za dřím l e	za dřím l e	OK_IDENTICAL	za dřím l e	
zvadaně	0	z vad a n ě	z vad a n ě	OK_IDENTICAL	z vad a n ě	
zešlehaně	0	ze šleh an ě	ze šleh a n ě	FIXME_SD_WRONG_LEMMA	ze šleh a n ě	
stejkaně	0	stejk an ě	s tejk a n ě	FIXME_DIFFERENT	s tejk a n ě	
rozpodávaně	0	roz podá va n ě	roz po d á v a n ě	FIXME_DIFFERENT	roz po d á v a n ě	
přerazítkovávaně	0	pře raz ít ko v áv a n ě	pře raz í tk ová v a n ě	FIXME_DIFFERENT	pře raz í tk ová v a n ě	
předeklarovávaně	0	pře deklar ov áv a n ě	pře de klar ová v a n ě	FIXME_DIFFERENT	pře de klar ová v a n ě	
aprovizovávaně	1	aproviz ov áv a n ě	a pro viz ová v a n ě	FIXME_DIFFERENT	a pro viz ová v a n ě	
obrábívaně	0	ob ráb ív a n ě	ob ráb í v a v ě	FIXME_SD_WRONG_LEMMA	ob ráb í v a n ě	
zasklívaně	0	za sklí va n ě	za skl í v a n ě	FIXME_DIFFERENT	za skl í v a n ě	
uválcovaně	0	u válc o va n ě	u vál c ova n ě	FIXME_DIFFERENT	u vál c ova n ě	
strachovaně	0	strach ova n ě	strach ova teln ě	FIXME_SD_WRONG_LEMMA	strach ova n ě	
kadmiovaně	1	kadmi o va n ě	?	FIXME_SD_QUESTIONMARK	kadmi ova n ě	
rámečkovaně	0	rám ečk o va n ě	rám eč k ova n ě	FIXME_DIFFERENT	rám eč k ova n ě	
odsvazkovaně	0	od svaz k o va n ě	od s vaz k ova n ě	FIXME_DIFFERENT	od s vaz k ova n ě	
domapovaně	0	do map ova n ě	do map ova n ě	OK_IDENTICAL	do map ova n ě	
vměšovaně	0	v měš ova n ě	v měš ova n ě	OK_IDENTICAL	v měš ova n ě	
zadrátovaně	0	za drát ova n ě	za drát ova n ě	OK_IDENTICAL	za drát ova n ě	
obletovaně	0	ob let ova n ě	ob let ova n ě	OK_IDENTICAL	ob let ova n ě	
odřazovaně	0	od řaz ova n ě	od řaz ova n ě	OK_IDENTICAL	od řaz ova n ě	
ohražovaně	0	o hraž ova n ě	o hraž ova n ě	OK_IDENTICAL	o hraž ova n ě	
zutrakvizovaně	0	z utrakviz ova n ě	?	FIXME_SD_QUESTIONMARK	z utrakv izova n ě	
lokučně	1	lokučn ě	?	FIXME_SD_QUESTIONMARK	lokuč n ě	
parasoudně	1	para soud n ě	para soud n ě	OK_IDENTICAL	para soud n ě	
bratřeně	0	bratř en ě	bratř en ě	OK_IDENTICAL	bratř en ě	
zrohovatěně	0	z roh ova tě n ě	z roh ovat ě n ě	FIXME_DIFFERENT	z roh ovat ě n ě	
dodiveně	0	do div en ě	do div en ě	OK_IDENTICAL	do div en ě	
povoženě	0	po vož en ě	po vož en ě	OK_IDENTICAL	po vož en ě	
kokálně	1	kokál n ě	?	FIXME_SD_QUESTIONMARK	kok ál n ě	
šmrdlatelně	0	šmrdl a teln ě	šmrdl a teln ě	OK_IDENTICAL	šmrdl a teln ě	
zatoulávatelně	0	za toul áv a teln ě	za toul áva teln ě	FIXME_DIFFERENT	za toul á v a teln ě	
okousávatelně	0	o kous áv a teln ě	o kous áva teln ě	FIXME_DIFFERENT	o kous á v a teln ě	
přesévávatelně	0	pře sév áv a teln ě	pře s é v á v a teln ě	FIXME_DIFFERENT	pře s é v á v a teln ě	
centrifugovávatelně	1	centrifugov áv a teln ě	centr i fug ová v a teln ě	FIXME_DIFFERENT	centr i fug ová v a teln ě	
zakademičťovávatelně	0	z akadem ičť ov áv a teln ě	z akademi čť ová v a teln ě	FIXME_DIFFERENT	z akadem ič ť ová v a teln ě	
přeminiaturizovávatelně	1	pře miniatur iz ov áv a teln ě	?	FIXME_SD_QUESTIONMARK	pře miniatur izová v a teln ě	
zasvěcovatelně	0	za svěc ova teln ě	za svěc ova teln ě	OK_IDENTICAL	za svěc ova teln ě	
zbrakovatelně	0	z brak ova teln ě	z brak ova teln ě	OK_IDENTICAL	z brak ova teln ě	
zaočkovatelně	1	za očkov a teln ě	za oč k ova teln ě	FIXME_DIFFERENT	za oč k ova teln ě	
zaprognostikovatelně	1	za progn o stik ov a teln ě	?	FIXME_SD_QUESTIONMARK	za pro gno st ik ova teln ě	
vyhandrkovatelně	1	vy handrk ov a teln ě	vy handrk ova teln ě	FIXME_DIFFERENT	vy handrk ova teln ě	
zakřížkovatelně	0	za kříž k ova teln ě	za kříž k ova teln ě	OK_IDENTICAL	za kříž k ova teln ě	
oflitrovatelně	1	o flitr ov a teln ě	o flitr ova teln ě	FIXME_DIFFERENT	o flitr ova teln ě	
odkmotrovatelně	0	od kmotr ova teln ě	od kmotr ova teln ě	OK_IDENTICAL	od kmotr ova teln ě	
navypravovatelně	0	na vy prav ova teln ě	na vy prav ova teln ě	OK_IDENTICAL	na vy prav ova teln ě	
přelézatelně	0	pře léz a teln ě	pře léz a teln ě	OK_IDENTICAL	pře léz a teln ě	
přebásnitelně	0	pře básn i teln ě	pře básn i teln ě	OK_IDENTICAL	pře básn i teln ě	
umařitelně	0	u mař i teln ě	u mař i teln ě	OK_IDENTICAL	u mař i teln ě	
zvalašitelně	0	z valaš i teln ě	z valaš i teln ě	OK_IDENTICAL	z valaš i teln ě	
mísitelně	0	mís i teln ě	mís i teln ě	OK_IDENTICAL	mís i teln ě	
lopotitelně	0	lopot i teln ě	lopot i teln ě	OK_IDENTICAL	lopot i teln ě	
křápnutelně	0	křáp nu teln ě	křáp nu teln ě	OK_IDENTICAL	křáp nu teln ě	
dvojdenně	0	dvoj den n ě	dv oj den n ě	FIXME_DIFFERENT	dv oj den n ě	
uštipně	0	u štip n ě	ú štip n ě	FIXME_SD_WRONG_LEMMA	u štip n ě	
superúsporně	1	super ú spor n ě	super ú spor n ě	OK_IDENTICAL	super ú spor n ě	
málopočetně	0	málo po četn ě	mál o po čet n ě	FIXME_DIFFERENT	mál o po čet n ě	
šestnáctimístně	0	šest náct i míst n ě	šest náct i míst n ě	OK_IDENTICAL	šest náct i míst n ě	
vlivně	0	v liv n ě	v liv n ě	OK_IDENTICAL	v liv n ě	
kurzovně	0	kurz ov n ě	kurz ov n ě	OK_IDENTICAL	kurz ovn ě	
smíchotvorkyně	0	smích o tvor k yně	?	FIXME_SD_QUESTIONMARK	smích o tvor kyn ě	
SkyEurope	1	SkyEurope	Sky Europe	FIXME_DIFFERENT	Sky Europe	
Aurore	1	Aurore	Aurore	OK_IDENTICAL	Aurore	
dvojhlase	1	dvoj hlas e	dv oj hlas e	FIXME_DIFFERENT	dv oj hlas e	
třicetiosmiletě	1	tři cet i osmi let ě	tř i cet i osm i let ě	FIXME_DIFFERENT	tř i cet i osm i let ě	
dvěstěpadesátiletě	0	dvě stě pades át i let ě	dv ě st ě pa desát i let ě	FIXME_DIFFERENT	dv ě st ě pa desát i let ě	
cívkovitě	0	cívk ov it ě	?	FIXME_SD_QUESTIONMARK	cív kovitě	
náležitě	0	ná lež it ě	ná lež it ý	FIXME_SD_WRONG_LEMMA	ná lež it ě	
rašeliniště	0	rašelin išt ě	raš elin išt ě	FIXME_DIFFERENT	rašelin išt ě	
vřesoviště	0	vřes ov išt ě	vřes ov išt ě	OK_IDENTICAL	vřes ov išt ě	
zabuchnutě	0	za buch nut ě	za buch nu t ě	FIXME_DIFFERENT	za buch nu t ě	
dopnutě	0	do pnut ě	do p nu t ě	FIXME_DIFFERENT	do p nu t ě	
zdravě	0	zdrav ě	zdrav ě	OK_IDENTICAL	zdrav ě	
vypočítavě	0	vy počít av ě	vy po čít av ě	FIXME_DIFFERENT	vy po čít av ě	
hnědozrzavě	0	hněd o zrz av ě	?	FIXME_SD_QUESTIONMARK	hněd o zrz av ě	
lehkovznětlivě	0	lehk o vznět liv ě	lehk o vz nět liv ý	FIXME_SD_WRONG_LEMMA	lehk o vz nět liv ě	
záznamuchtivě	0	zá znam u chtiv ě	zá znam u cht iv ě	FIXME_DIFFERENT	zá znam u cht iv ě	
koncově	1	konc ov ě	konc ov ě	OK_IDENTICAL	konc ov ě	
petrolejově	0	petr olej ov ě	?	FIXME_SD_QUESTIONMARK	petrolej ov ě	??? petro samostatný morfém, protože petrochemie/petrologie/petrografie?
jesličkově	0	jesl ičk ov ě	jesl ičk ov ě	OK_IDENTICAL	jesl ičk ov ě	
vyjížďkově	0	vy jížď k ov ě	vy jížď k ov ě	OK_IDENTICAL	vy jížď k ov ě	
žebérkově	0	žebér k ov ě	žebér k ov ě	OK_IDENTICAL	žebér k ov ě	
kapavkově	0	kap av k ov ě	kap av k ov ě	OK_IDENTICAL	kap av k ov ě	
dvojplánově	0	dvoj plán ov ě	dv oj plán ov ě	FIXME_DIFFERENT	dv oj plán ov ě	
marihuanově	1	marihuan ov ě	marihuan ov ě	OK_IDENTICAL	marihuan ov ě	
pilinově	0	pil in ov ě	pil in ov ě	OK_IDENTICAL	pil in ov ě	
clonově	0	clon ov ě	clon ov ě	OK_IDENTICAL	clon ov ě	
zvonově	0	zvon ov ě	zvon ov ě	OK_IDENTICAL	zvon ov ě	
svítiplynově	0	svít i plyn ov ě	svít i plyn ov ě	OK_IDENTICAL	svít i plyn ov ě	
stratosférově	1	strato sfér ov ě	strat o sfér ov ě	FIXME_DIFFERENT	strat o sfér ov ě	
fluorově	1	fluor ov ě	fluor ov ě	OK_IDENTICAL	fluor ov ě	
pětadvaceticentimetrově	1	pět a dva cet i centi metr ov ě	pět a dv a cet i cent i metr ov ě	FIXME_DIFFERENT	pět a dva cet i centi metr ov ě	
dvouapůlmetrově	1	dvou a půl metr ov ě	dv ou a půl metr ov ě	FIXME_DIFFERENT	dv ou a půl metr ov ě	
sametově	0	samet ov ě	samet ov ě	OK_IDENTICAL	samet ov ě	
brízově	1	bríz ov ě	bríz ov ě	OK_IDENTICAL	bríz ov ě	
fototaxe	1	foto taxe	foto tax e	FIXME_DIFFERENT	fot o tax e	
rekonverze	1	re konver ze	?	FIXME_SD_QUESTIONMARK	re kon verz e	
Bransouze	1	Bransouze	?	FIXME_SD_QUESTIONMARK	Bransouz e	
Budiáf	1	Budiáf	?	FIXME_SD_QUESTIONMARK	Budiáf	
kontrareliéf	1	kontra reliéf	kontra reliéf	OK_IDENTICAL	kontra reliéf	
Berhof	1	Berhof	?	FIXME_SD_QUESTIONMARK	Berhof	
Brownrigg	1	Brownrigg	Brown rigg	FIXME_DIFFERENT	Brown rigg	
Anlongveng	1	Anlongveng	?	FIXME_SD_QUESTIONMARK	Anlongveng	
Nyberg	1	Nyberg	?	FIXME_SD_QUESTIONMARK	Nyberg	
Bartoch	0	Bartoch	Bartoch	OK_IDENTICAL	Bartoch	
markrabí	0	markrabí	?	FIXME_SD_QUESTIONMARK	markrab í	
onačí	0	onač í	?	FIXME_SD_QUESTIONMARK	onač í	
nakapací	0	na kap a c í	na kap a c í	OK_IDENTICAL	na kap a c í	
zůstávací	0	zů st áv a c í	zůst áv a c í	FIXME_DIFFERENT	zůst áv a c í	
vklopýtávací	0	v klop ýt áv a c í	v klopýt á v a c í	FIXME_DIFFERENT	v klopýt á v a c í	
zaněcovávací	0	zaněc ov áv a c í	za něc ová v a c í	FIXME_DIFFERENT	za něc ová v a c í	
zeškareďovávací	0	ze škareď ov áv a c í	za škareď ová v a c í	FIXME_SD_WRONG_LEMMA	ze škareď ová v a c í	
plechovávací	0	plech ov áv a c í	plecj ová v a c í	FIXME_SD_WRONG_LEMMA	plech ová v a c í	
zahajduchovávací	0	za hajduch ov áv a c í	?	FIXME_SD_QUESTIONMARK	za hajduch ová v a c í	
vychovávací	0	vy chov áv a c í	vy chov á v a c í	FIXME_DIFFERENT	vy chov á v a c í	
sáňkovávací	0	sáňk ov áv a c í	sáň k ova c í	FIXME_SD_WRONG_LEMMA	sáň k ová v a c í	
zařemeslovávací	0	za řemesl ov áv a c í	za řemes l ová v a c í	FIXME_DIFFERENT	za řemes l ová v a c í	
diskreditovávací	1	diskredit ov áv a c í	dis kredit ová v a c í	FIXME_DIFFERENT	dis kredit ová v a c í	
senzitizovávací	1	senzit iz ov áv a c í	?	FIXME_SD_QUESTIONMARK	senz it izová v a c í	
odháčkovací	0	od háčk ova c í	od háč k ova c í	FIXME_DIFFERENT	od háč k ova c í	
stromečkovací	0	strom ečk ov a c í	strom eč k ová v a c í	FIXME_SD_WRONG_LEMMA	strom eč k ova c í	
hubičkovací	0	hub ičk ov a c í	hub ičk ova c í	FIXME_DIFFERENT	hub ičk ova c í	
vmilovací	0	v mil o va c í	v mil ova c í	FIXME_DIFFERENT	v mil ova c í	
vyplemeňovací	0	vy plemeň ova c í	vy plemeň ova c í	OK_IDENTICAL	vy plemeň ova c í	
dosamodefinovací	1	do samo defin ov a c í	do sam o de fin ova c í	FIXME_DIFFERENT	do sam o de fin ova c í	
vypárovací	0	vy pár ova c í	vy pár ova c í	OK_IDENTICAL	vy pár ova c í	
besemerovací	0	besemer ova c í	?	FIXME_SD_QUESTIONMARK	besemer ova c í	
prokšeftovací	1	pro kšeft ova c í	pro kšeft ova c í	OK_IDENTICAL	pro kšeft ova c í	
experimentovací	1	experiment ov a c í	?	FIXME_SD_QUESTIONMARK	experiment ova c í	
zjalovovací	0	z jalov ova c í	z jal ovo v a c í	FIXME_DIFFERENT	z jalov ova c í	
přisněžovací	0	při sněž ova c í	při sněž ová v a c í	FIXME_SD_WRONG_LEMMA	při sněž ova c í	
odsouvací	0	od souva c í	od souv a c í	FIXME_DIFFERENT	od souv a c í	
překlopýtávající	0	pře klop ýt áv a jí c í	pře klopýt á v aj íc í	FIXME_DIFFERENT	pře klopýt á v aj íc í	
párkovávající	0	párk ov áv a jí c í	pár k ová v aj íc í	FIXME_DIFFERENT	pár k ová v aj íc í	
uvězňovávající	0	u vězň ov áv a jí c í	u věz ň ová v aj íc í	FIXME_DIFFERENT	u věz ň ová v aj íc í	
vymezerovávající	0	vy mez er ov áv a jí c í	vy mezer ová v aj íc í	FIXME_DIFFERENT	vy mezer ová v aj íc í	??? mez zvlášť (vymezit…)
troštovávající	0	trošt ov áv a jí c í	trošt ová v a j íc í	FIXME_DIFFERENT	trošt ová v a j íc í	
zavázívající	0	za váz íva jí c í	za vází v aj íc í	FIXME_DIFFERENT	za váz í v aj íc í	
obmýšlející	0	ob mýšl e jí c í	ob mýšl ej íc í	FIXME_DIFFERENT	ob mýšl ej íc í	
ucrkující	1	u crk ují c í	?	FIXME_SD_QUESTIONMARK	u crk uj íc í	
zchmuřující	0	z chmuř u jí c í	z chmuř uj íc í	FIXME_DIFFERENT	z chmuř uj íc í	
hybridizující	1	hybrid iz u jí c í	hybrid iz uj íc í	FIXME_DIFFERENT	hybrid iz uj íc í	
Yehudi	1	Yehudi	Yehudi	OK_IDENTICAL	Yehudi	
Hidvegi	1	Hidvegi	Hidvegi	OK_IDENTICAL	Hidvegi	
cherimoli	1	cherimoli	?	FIXME_SD_QUESTIONMARK	cherimoli	
nanaříkání	0	na na řík án í	na řík á n í	FIXME_SD_WRONG_LEMMA	na na řík á n í	
vypejkání	0	vy pejk á n í	vy pejk á n í	OK_IDENTICAL	vy pejk á n í	
zamrňoukání	0	za mrňouk á n í	za mrňouk á n í	OK_IDENTICAL	za mrňouk á n í	
zadudlání	0	za dudl á n í	za dudl á n í	OK_IDENTICAL	za dudl á n í	
obmetání	0	ob met á n í	ob met á n í	OK_IDENTICAL	ob met á n í	
vmítání	0	v mít á n í	v mít á n í	OK_IDENTICAL	v mít á n í	
zacupotání	0	za cup ot á n í	za cupot á n í	FIXME_DIFFERENT	za cup ot á n í	
svolávání	0	s voláv á n í	s vol á v a c í	FIXME_SD_WRONG_LEMMA	s vol á v á n í	
zachropotávání	0	za chrop ot áv á n í	za chropt áv á n í	FIXME_SD_WRONG_LEMMA	za chrop ot á v á n í	
souřaďovávání	0	sou řaď ov áv á n í	sou řaďová v á n í	FIXME_DIFFERENT	sou řaď ová v á n í	
reemigrovávání	1	re emigr ov áv á n í	re e migr ová v á n í	FIXME_DIFFERENT	re e migr ová v á n í	
nasekýrovávání	0	na sekýr ov áv á n í	na sekýr ová n í	FIXME_SD_WRONG_LEMMA	na sekýr ová v á n í	
zjalovovávání	0	z jalov ov áv á n í	z jal ov ová v á n í	FIXME_DIFFERENT	z jalov ová v á n í	
komunizovávání	1	komuniz ov áv á n í	komun iz ová v á n í	FIXME_DIFFERENT	komun izová v á n í	
zagajdování	1	zagajd ov á n í	za gajd ová n í	FIXME_DIFFERENT	za gajd ová n í	
fáborkování	1	fábork ov ání	fábor k ová n í	FIXME_DIFFERENT	fábor k ová n í	
nakladatelování	0	na klad at el ov á n í	na klad a tel ová n í	FIXME_DIFFERENT	na klad a tel ová n í	
zlicitování	0	z lic it ov á n í	?	FIXME_SD_QUESTIONMARK	z licit ová n í	
relativizování	1	relat iviz ov á n í	relat iv iz ová n í	FIXME_DIFFERENT	relat iv izová n í	
dedikační	1	dedik ač n í	?	FIXME_SD_QUESTIONMARK	dedik ač n í	
formační	1	forma čn í	form ač n í	FIXME_DIFFERENT	form ač n í	
plynovodní	0	plyn o vod n í	plyn o vod n í	OK_IDENTICAL	plyn o vod n í	
znovupohřbení	0	znovu po hřb ení	z nov u po hřb en í	FIXME_DIFFERENT	z nov u po hřb en í	
naobtáčení	1	na ob táč e n í	na ob táč e n í	OK_IDENTICAL	na ob táč e n í	
zahašení	0	za haš ení	za haš en í	FIXME_DIFFERENT	za haš en í	
rezavění	1	rez av ě n í	?	FIXME_SD_QUESTIONMARK	rez av ě n í	
centrolecitální	1	centr o lecitál n í	?	FIXME_SD_QUESTIONMARK	centr o lecit ál n í	
kapitální	1	kapitál n í	kapit ál n í	FIXME_DIFFERENT	kapitál n í	
předarchivní	1	před arch iv n í	před arch iv n í	OK_IDENTICAL	před arch iv n í	
ložní	0	lož n í	lož n í	OK_IDENTICAL	lož n í	
konfúzní	1	kon fúz n í	kon fúz n í	OK_IDENTICAL	kon fúz n í	
sebeučenější	0	sebe uč en ějš í	seb e uč en ějš í	FIXME_DIFFERENT	seb e uč en ějš í	
Faluši	1	Faluši	?	FIXME_SD_QUESTIONMARK	Faluši	
zaštiřikavší	0	za štiřika v š í	za štiřik a vš í	FIXME_DIFFERENT	za štiřik a vš í	
zrevokovavší	0	z revok ova v š í	?	FIXME_SD_QUESTIONMARK	z re vok ova vš í	
prokormidlovavší	1	pro kormidl ov a v š í	pro kormi dl ova vš í	FIXME_DIFFERENT	pro kormidl ova vš í	
zalažírovavší	0	za lažír ova v š í	?	FIXME_SD_QUESTIONMARK	za lažír ova vš í	
zakantorovavší	1	za kantor ov a v š í	za kant or ova vš í	FIXME_DIFFERENT	za kant or ova vš í	
odsystematizovavší	1	od system at iz ov a v š í	od systém at iz ova vš í	FIXME_SD_WRONG_LEMMA	od systém at izova vš í	
zrakouštěvší	0	z rakouš tě v š í	?	FIXME_SD_QUESTIONMARK	z rakouš t ě vš í	
obemknuvší	0	obe mkn u v š í	obe mk nu vš í	FIXME_DIFFERENT	obe mk nu vš í	
zabrnknuvší	0	za brnk n u v š í	za brnk nu vš í	FIXME_DIFFERENT	za brnk nu vš í	
ztrpknutí	0	z trp k n ut í	z trpk nu t í	FIXME_DIFFERENT	z trpk nu t í	
ukousnutí	0	u kous n ut í	u kous nu t í	FIXME_DIFFERENT	u kous nu t í	
skálolezectví	0	skál o lez e c tv í	sklá o lez ec tv í	FIXME_SD_WRONG_LEMMA	skál o lez ec tv í	
tkalcovnictví	0	tka lc ov nic tv í	?	FIXME_SD_QUESTIONMARK	tka lc ovnic tv í	
Januszcak	0	Januszc ak	?	FIXME_SD_QUESTIONMARK	Januszc ak	
vědmák	0	věd m ák	věd m ák	OK_IDENTICAL	věd m ák	
Křivák	0	Křiv ák	Křiv ák	OK_IDENTICAL	Křiv ák	
šesteráček	0	šest er áč ek	šest er áč ek	OK_IDENTICAL	šest er áč ek	
pláneček	0	plán eček	plán eč ek	FIXME_DIFFERENT	plán eč ek	
pavilónek	1	pavilón ek	pavilón ek	OK_IDENTICAL	pavilón ek	
Vráblík	0	Vráblík	?	FIXME_SD_QUESTIONMARK	Vrábl ík	
vandlík	1	vandl ík	vandl ík	OK_IDENTICAL	vandl ík	
konvenčník	1	konvenč n ík	?	FIXME_SD_QUESTIONMARK	kon venč ník	
Mehelník	1	Meheln ík	?	FIXME_SD_QUESTIONMARK	Mehelník	
dymník	0	dym n í k	dym ník	FIXME_DIFFERENT	dym ník	
Vetešník	0	Veteš n í k	Veteš ník	FIXME_DIFFERENT	Veteš ník	
sanktusník	1	sanktus n ík	?	FIXME_SD_QUESTIONMARK	sanktus ník	
poutník	0	pout n í k	pout ník	FIXME_DIFFERENT	pout ník	
hektometrovník	1	hekt o metr ovn ík	hekto metr ov ník	FIXME_DIFFERENT	hekto metr ov ník	
Lasík	0	Lasík	Las ík	FIXME_DIFFERENT	Las ík	
Klenk	1	Klenk	Klenk	OK_IDENTICAL	Klenk	
trunk	1	trunk	trunk	OK_IDENTICAL	trunk	
přefuk	1	pře fuk	pře fuk	OK_IDENTICAL	pře fuk	
Repeal	1	Repeal	?	FIXME_SD_QUESTIONMARK	Repeal	
podkrál	0	pod král	pod král	OK_IDENTICAL	pod král	
Jokel	0	Jokel	Jokel	OK_IDENTICAL	Jokel	
Vymlátil	0	Vy mlát il	Vy mlát i l	FIXME_DIFFERENT	Vy mlát i l	
Bordwell	1	Bordwell	Bord well	FIXME_DIFFERENT	Bordwell	
Slovpol	0	Slov pol	Slov pol	OK_IDENTICAL	Slovpol	
Krám	0	Krám	Krám	OK_IDENTICAL	Krám	
Heem	1	Heem	Heem	OK_IDENTICAL	Heem	
Hlučíňan	0	Hlučíň an	Hluč íň an	FIXME_DIFFERENT	Hluč íň an	
Moskvan	0	Moskv an	Moskv an	OK_IDENTICAL	Moskv an	
mnohočlen	1	mnoh o člen	mnoh o člen	OK_IDENTICAL	mnoh o člen	
abdomen	1	abdomen	?	FIXME_SD_QUESTIONMARK	abdomen	
Miettinen	1	Miettinen	?	FIXME_SD_QUESTIONMARK	Miettinen	
Sundgren	1	Sundgren	?	FIXME_SD_QUESTIONMARK	Sundgren	
megasráččin	1	mega srá č čin	mega sráč č in	FIXME_DIFFERENT	mega sráč č in	
tetiččin	0	tet ičč in	tet ičč in	OK_IDENTICAL	tet ičč in	
Seychelančin	1	Seychelan čin	Seychel an č in	FIXME_DIFFERENT	Seychel an č in	
westmančin	1	westman čin	west man č in	FIXME_DIFFERENT	west man č in	
plavkařčin	0	plav k ař č in	plav k ař č in	OK_IDENTICAL	plav k ař č in	
skorokomisařčin	0	skoro komis ař č in	skoro komis ař č in	OK_IDENTICAL	skoro komis ař č in	
Beneščin	0	Beneš č in	Beneš č in	OK_IDENTICAL	Beneš č in	
ortopedistčin	1	ortopedist čin	orto ped ist č in	FIXME_DIFFERENT	orto ped ist č in	
Kájín		Kájín ek	Káj ínek	FIXME_SD_WRONG_LEMMA	Kájín	??
Rogožkin	1	Rogožkin	?	FIXME_SD_QUESTIONMARK	Rogožk in	
spoluběžkynin	0	spolu běž kyn in	spolu běž kyn in	OK_IDENTICAL	spolu běž kyn in	
maltodextrin	1	malto dextrin	?	FIXME_SD_QUESTIONMARK	malto dextr in	
Gauguin	1	Gauguin	Gaugin	FIXME_SD_WRONG_LEMMA	Gauguin	
Pfeffermann	1	Pfeffermann	Pfeffer mann	FIXME_DIFFERENT	Pfeffer mann	
Kreuzmann	1	Kreuzmann	Kreuz mann	FIXME_DIFFERENT	Kreuz mann	
chalcedon	1	chalcedon	?	FIXME_SD_QUESTIONMARK	chalcedon	
kamion	1	kamion	kamion	OK_IDENTICAL	kamion	
Krhoun	0	Krhoun	?	FIXME_SD_QUESTIONMARK	Krh oun	
rerio	1	rerio	?	FIXME_SD_QUESTIONMARK	rerio	
brdečko	0	brd ečko	brd ečk o	FIXME_DIFFERENT	brd ečk o	
Dubíčko	0	Dub í čk o	Dub íčk o	FIXME_DIFFERENT	Dub í čk o	
Ranko	1	Ranko	?	FIXME_SD_QUESTIONMARK	Rank o	
pseudotěleso	1	pseudo těl es o	pseudo těles o	FIXME_DIFFERENT	pseudo těl es o	
amaretto	1	amaretto	amarett o	FIXME_DIFFERENT	amarett o	
prosciutto	1	prosciutto	prosciutt o	FIXME_DIFFERENT	prosciutt o	
zigar	1	zigar	?	FIXME_SD_QUESTIONMARK	zigar	
zmatkář	0	zmatk ář	z mat k ář	FIXME_DIFFERENT	z mat k ář	
loutkař	0	loutk ař	loutk ař	OK_IDENTICAL	loutk ař	
šíbr	0	šíbr	šíbr	OK_IDENTICAL	šíbr	
kédr	0	kédr	kédr	OK_IDENTICAL	kédr	
Hefler	1	Hefler	?	FIXME_SD_QUESTIONMARK	Hefler	
Höfler	1	Höfler	Höfler	OK_IDENTICAL	Höfler	
průměr	0	prů měr	prů měr	OK_IDENTICAL	prů měr	
Forster	1	Forster	Forster	OK_IDENTICAL	Forster	
pakr	0	pakr	pakr	OK_IDENTICAL	pakr	
makrokonvertor	1	makro konver t or	makro kon vent or	FIXME_SD_WRONG_LEMMA	makro kon ver t or	
galvanometr	1	galvan o metr	galvan o metr	OK_IDENTICAL	galvan o metr	
Someš	0	Someš	Someš	OK_IDENTICAL	Someš	
faktis	1	faktis	?	FIXME_SD_QUESTIONMARK	faktis	
vznos	1	vz nos	vz nos	OK_IDENTICAL	vz nos	
plutokratismus	1	pluto krati sm us	plut o krat ismus	FIXME_DIFFERENT	plut o krat ism us	
konzervativismus	1	konzervativi sm us	?	FIXME_SD_QUESTIONMARK	konzerv at iv ism us	
obrus	1	o brus	o brus	OK_IDENTICAL	o brus	
hmat	0	hmat	hmat	OK_IDENTICAL	hmat	
odsát	0	od sá t	od s á t	FIXME_DIFFERENT	od s á t	
otejkávat	0	o tejkáv at	o tejk á v a t	FIXME_DIFFERENT	o tejk á v a t	
přibobtnávat	0	při bobtn áv at	při bobtn áva t	FIXME_DIFFERENT	při bobtn á v a t	
zatlapávat	0	za tlapáv at	za tlap á v a t	FIXME_DIFFERENT	za tlap á v a t	
posrávat	0	po srá v at	po sr á v a t	FIXME_DIFFERENT	po sr á v a t	
vyvstávat	0	vy v st áv a t	vy v stá v a t	FIXME_DIFFERENT	vy v st á v a t	
agovávat	1	agová v a t	?	FIXME_SD_QUESTIONMARK	agov á v a t	
zaskřínkovávat	1	za skřín k o váv a t	za skříň k ová v a t	FIXME_SD_WRONG_LEMMA	za skřín k ová v a t	
ordinovávat	0	ordin ov áv a t	?	FIXME_SD_QUESTIONMARK	ordin ová v a t	
navarovávat	0	na var ov áv a t	navar ová v a t	FIXME_DIFFERENT	na var ová v a t	
okategorizovávat	1	o kategor iz ov áv a t	o kategor iz ová v a n ost	FIXME_SD_WRONG_LEMMA	o kategor izová v a t	
tkalcovat	0	tka lc ov a t	?	FIXME_SD_QUESTIONMARK	tka lc ova t	
proskloňovat	0	pro skloň ov a t	pro s kloň ova t	FIXME_DIFFERENT	pro s kloň ova t	
objasňovat	0	ob jasň ov a t	ob jas ň ova t	FIXME_DIFFERENT	ob jas ň ova t	
zageneralisovat	1	za general is ov a t	?	FIXME_SD_QUESTIONMARK	za general isova t	
debitovat	1	debit ov a t	?	FIXME_SD_QUESTIONMARK	debit ova t	
doindentovat	1	do indent ov a t	?	FIXME_SD_QUESTIONMARK	do indent ova t	
přidevastovat	0	při devast ov a t	?	FIXME_SD_QUESTIONMARK	při devast ova t	
vyhladovovat	0	vy hlad ov ov a t	vy hlad ova t	FIXME_SD_WRONG_LEMMA	vy hlad ov ova t	
přiflegmatizovat	1	při flegm at iz ov a t	?	FIXME_SD_QUESTIONMARK	při flegmat izova t	
oplácet	0	o plác et	o plác e t	FIXME_DIFFERENT	o plác e t	
frčet	1	frč e t	frč e t	OK_IDENTICAL	frč e t	
vkoulet	0	v koul et	v koul e t	FIXME_DIFFERENT	v koul e t	
potmět	0	po tm ě t	po tm ě t	OK_IDENTICAL	po tm ě t	
zlupenatět	0	z lupen atět	z lup en at ě t	FIXME_DIFFERENT	z lup en at ě t	
vletět	0	v let ět	v let ě t	FIXME_DIFFERENT	v let ě t	
vyzdít	0	vy zd ít	vy zd í t	FIXME_DIFFERENT	vy zd í t	
smyslit	0	s mysl it	mysl i t	FIXME_SD_WRONG_LEMMA	s mysl i t	
zpodstatnit	0	z pod st at n it	z pod stat n i t	FIXME_DIFFERENT	z pod st at n i t	
Obodrit	1	Obodrit	?	FIXME_SD_QUESTIONMARK	Obodrit	
Akragant	1	Akragant	?	FIXME_SD_QUESTIONMARK	Akragant	
joint	1	joint	joint	OK_IDENTICAL	joint	
Pot	0	Pot	Pot	OK_IDENTICAL	Pot	
Ort	0	Ort	Ort	OK_IDENTICAL	Ort	
Aerotransport	1	Aerotransport	?	FIXME_SD_QUESTIONMARK	Aero trans port	
bombast	1	bombast	?	FIXME_SD_QUESTIONMARK	bombast	
orografickost	1	oro graf ick ost	oro graf ic k ost	FIXME_DIFFERENT	oro graf ic k ost	
urogynekologickost	1	uro gynekolog ick ost	ur o gynek o log ick ost	FIXME_DIFFERENT	ur o gynek o log ic k ost	
bakchickost	1	bakch ick ost	?	FIXME_SD_QUESTIONMARK	bakch ic k ost	
tromboembolickost	1	tromb o embol ick ost	?	FIXME_SD_QUESTIONMARK	tromb o embol ic k ost	
akademickost	1	akadem ick ost	akadem ic k ost	FIXME_DIFFERENT	akadem ic k ost	
schizofrenickost	1	schizofren ick ost	schiz o fren ick ost	FIXME_DIFFERENT	schizo fren ic k ost	
sokolnickost	1	sokol n ick ost	sokol nic k ost	FIXME_DIFFERENT	sokol nic k ost	
romantickost	1	romant ick ost	romant ick ost	OK_IDENTICAL	romant ic k ost	
antivirotickost	1	anti virot ick ost	anti vir ot ic k ý	FIXME_SD_WRONG_LEMMA	anti vir ot ic k ost	
dlouhokrkost	0	dlouh o krk ost	dlouh o krk ost	OK_IDENTICAL	dlouh o krk ost	
paralympijskost	1	para lympij sk ost	?	FIXME_SD_QUESTIONMARK	para lymp ij sk ost	
prokremelskost	0	pro kremel sk ost	pro kremel sk ost	OK_IDENTICAL	pro kremel sk ost	
slosovatelskost	0	s los ov at el sk ost	s los ova tel sk ost	FIXME_DIFFERENT	s los ova tel sk ost	
růžodolskost	0	růž o dol sk ost	?	FIXME_SD_QUESTIONMARK	růž o dol sk ost	
lukovenskost	1	lukoven sk ost	?	FIXME_SD_QUESTIONMARK	lukoven sk ost	
charentonskost	1	charenton sk ost	?	FIXME_SD_QUESTIONMARK	charenton sk ost	
českolipskost	0	česk o lip sk ost	česk o lip sk ost	OK_IDENTICAL	česk o lip sk ost	
paleničářskost	0	pal enič ář sk ost	?	FIXME_SD_QUESTIONMARK	pal enič ář sk ost	
strunařskost	0	strun ař sk ost	strun ař sk ost	OK_IDENTICAL	strun ař sk ost	
vakuářskost	1	vaku ář sk ost	vaku ář sk ost	OK_IDENTICAL	vaku ář sk ost	
košumberskost	1	košumbersk ost	?	FIXME_SD_QUESTIONMARK	košumber sk ost	
synovskost	0	syn ov sk ost	syn ov sk ost	OK_IDENTICAL	syn ov sk ost	
vojtovskost	0	vojt ov sk ost	vojt ov sk ost	OK_IDENTICAL	vojt ov sk ost	
zprůmyslnělost	0	z prů mysl n ěl ost	z prů mysl n ě l ost	FIXME_DIFFERENT	z prů mysl n ě l ost	
zamyklanost	0	za myk lan ost	?	FIXME_SD_QUESTIONMARK	za mykl a n ost	
cédávanost	0	cédávan ost	?	FIXME_SD_QUESTIONMARK	cé dá v a n ost	
zpaličkovávanost	0	z palič k ov ávan ost	z pal ičk ová v a n ost	FIXME_DIFFERENT	z pal ič k ová v a n ost	
acidifikovávanost	1	acid ifik ov áv a n ost	?	FIXME_SD_QUESTIONMARK	acid i fik ová v a n ost	
popostrkovávanost	0	popo strk ov ávan ost	po po strk ová v a n ost	FIXME_DIFFERENT	po po strk ová v a n ost	
zkypřovávanost	0	z kypř ov ávan ost	z kypř ová v a teln ost	FIXME_SD_WRONG_LEMMA	z kypř ová v a n ost	
invertovávanost	1	invert ov áv a n ost	in vert ová v a n ost	FIXME_DIFFERENT	in vert ová v a n ost	
ironizovávanost	1	iron iz ov áv a n ost	iron izová v a n ost	FIXME_DIFFERENT	iron izová v a n ost	
zimavívanost	0	zimavívan ost	?	FIXME_SD_QUESTIONMARK	zimavív a n ost	
transkribovanost	1	tran skrib ov an ost	?	FIXME_SD_QUESTIONMARK	tran skrib ova n ost	
abstenovanost	1	absten ov an ost	?	FIXME_SD_QUESTIONMARK	absten ova n ost	
předželatinovanost	1	před želatin ov an ost	před žel atin ova n ost	FIXME_DIFFERENT	před žel atin ova n ost	
zparalyzovanost	1	z para lyz ov an ost	z para zyl ova n ost	FIXME_SD_WRONG_LEMMA	z para lyz ova n ost	
znovunavázanost	0	znovu na váz an ost	z novu na váz a n ost	FIXME_DIFFERENT	z nov u na váz a n ost	
vyděračnost	0	vy děr ač n ost	vy děr a č n ost	FIXME_DIFFERENT	vy děr a č n ost	
nedochůdnost	0	ne do chůd n ost	ne do chůd n ost	OK_IDENTICAL	ne do chůd n ost	
vydrobenost	0	vy drob en ost	vy drob en ost	OK_IDENTICAL	vy drob en ost	
skotačenost	0	skotač en ost	skotač en ost	OK_IDENTICAL	skotač en ost	
modrozlatozelenost	0	modr o zl at o zelen ost	mord o zlat o zelen ost	FIXME_SD_WRONG_LEMMA	modr o zlat o zelen ost	
vychráněnost	0	vy chrán ěn ost	vy chrán ěn ost	OK_IDENTICAL	vy chrán ěn ost	
obořenost	0	oboř en ost	o boř en ost	FIXME_DIFFERENT	o boř en ost	
snesenost	0	s nes en ost	s nes en ost	OK_IDENTICAL	s nes en ost	
rozsršenost	0	roz srš en ost	roz srš en ost	OK_IDENTICAL	roz srš en ost	
zmramorovatěnost	0	z mramor ovatěn ost	z mramor ovat ě n ost	FIXME_DIFFERENT	z mramor ovat ě n ost	
přichutěnost	0	při chut ěn ost	při chut ěn ost	OK_IDENTICAL	při chut ěn ost	
znovuoživenost	1	znovu o živ en ost	z nov u o živ en ost	FIXME_DIFFERENT	z nov u o živ en ost	
scezenost	1	s cez en ost	s cez en ost	OK_IDENTICAL	s cez en ost	
vydluženost	0	vy dluž en ost	vy dluž en ost	OK_IDENTICAL	vy dluž en ost	
pomíchatelnost	0	po mích a teln ost	po mích a teln ost	OK_IDENTICAL	po mích a teln ost	
zamakatelnost	0	za mak a teln ost	za mak a teln ost	OK_IDENTICAL	za mak a teln ost	
spráskatelnost	0	s prásk a teln ost	s prásk a teln ost	OK_IDENTICAL	s prásk a teln ost	
vytínatelnost	0	vy tín a teln ost	vy tín a teln ost	OK_IDENTICAL	vy tín a teln ost	
rozbíratelnost	0	roz bír a teln ost	roz bír a teln ost	OK_IDENTICAL	roz bír a teln ost	
šouratelnost	0	šour a teln ost	šour a teln ost	OK_IDENTICAL	šour a teln ost	
zaplítatelnost	0	za plít a teln ost	za plít a teln ost	OK_IDENTICAL	za plít a teln ost	
zadrkotatelnost	0	za drk ot a teln ost	za drkot a teln ost	FIXME_DIFFERENT	za drk ot a teln ost	
výskávatelnost	0	vý sk áv a teln ost	výsk á v a teln ost	FIXME_DIFFERENT	výsk á v a teln ost	
subvencovávatelnost	1	subvenc ov áv a teln ost	?	FIXME_SD_QUESTIONMARK	sub ven c ová v a teln ost	
proschvalovávatelnost	0	pro schval ov áv a teln ost	pro s chov á v a teln ost	FIXME_SD_WRONG_LEMMA	pro s chval ová v a teln ost	
sublimovávatelnost	1	sublim ov áv a teln ost	sub lim ová v a teln ě	FIXME_SD_WRONG_LEMMA	sublim ová v a teln ost	
zosobňovávatelnost	0	z osobň ov áv a teln ost	z osob ň ová v a teln ost	FIXME_DIFFERENT	z osob ň ová v a teln ost	
poželatinovávatelnost	0	po želatin ov áv a teln ost	po žel atin ová v a teln ost	FIXME_DIFFERENT	po žel atin ová v a teln ost	
rozpočtovávatelnost	0	roz poč t ov áv a teln ost	roz po čt ová v a teln ost	FIXME_DIFFERENT	roz po čt ová v a teln ost	
nacizovávatelnost	0	na ciz ov áv a teln ost	nac izová v a teln ost	FIXME_DIFFERENT	na ciz ová v a teln ost	homonymní
atomizovávatelnost	1	atom iz ov áv a teln ost	atom izová v a teln ost	FIXME_DIFFERENT	atom izová v a teln ost	
rozhněvatelnost	0	roz hněv a teln ost	roz hněv a teln ost	OK_IDENTICAL	roz hněv a teln ost	
obezdívatelnost	0	obe zd í v a teln ost	obe zd í v a teln ost	OK_IDENTICAL	obe zd í v a teln ost	
brousívatelnost	0	brous í v a teln ost	brous í v a teln ost	OK_IDENTICAL	brous í v a teln ost	
milkovatelnost	0	milk ov a teln ost	?	FIXME_SD_QUESTIONMARK	mil k ova teln ost	
upovšechňovatelnost	0	u po všechň ov a teln ost	?	FIXME_SD_QUESTIONMARK	u po vše ch ň ova teln ost	
zmalátňovatelnost	0	z malátň ov a teln ost	z malátň ová v a teln ost	FIXME_SD_WRONG_LEMMA	z malát ň ova teln ost	
zautomatisovatelnost	1	z automat is ov a teln ost	z auto mat is ova teln ost	FIXME_DIFFERENT	z auto mat isova teln ost	
povázatelnost	0	po váz a teln ost	po váz a teln ost	OK_IDENTICAL	po váz a teln ost	
nahraditelnost	0	na hrad i teln ost	na hrad i teln ost	OK_IDENTICAL	na hrad i teln ost	
zpitomitelnost	0	z pitom i teln ost	z pitom iteln ost	FIXME_DIFFERENT	z pitom i teln ost	
odclonitelnost	0	od clon i teln ost	od clon i teln ost	OK_IDENTICAL	od clon i teln ost	
usouvstažnitelnost	0	u sou vstaž n i teln ost	u sou vz taž n iteln ost	FIXME_SD_WRONG_LEMMA	u sou vs taž n i teln ost	
zvráštitelnost	0	z vráš t i teln ost	z vrás t i teln ost	FIXME_SD_WRONG_LEMMA	z vráš t i teln ost	
odpřeložitelnost	0	od pře lož i teln ost	od pře lož i teln ost	OK_IDENTICAL	od pře lož i teln ost	
podvrknutelnost	0	pod vrk n u teln ost	pod vrk nu teln ost	FIXME_DIFFERENT	pod vrk nu teln ost	
zatřepnutelnost	0	za třep n u teln ost	za třep nu teln ost	FIXME_DIFFERENT	za třep nu teln ost	
strastiplnost	0	strast i pln ost	strast i pln ost	OK_IDENTICAL	strast i pln ost	
úkornost	0	úkorn ost	ú kor n ost	FIXME_DIFFERENT	ú kor n ost	
vláhonosnost	0	vláh o nos n ost	vláh o nos n ost	OK_IDENTICAL	vláh o nos n ost	
neposlušnost	0	ne po sluš n ost	ne po sluš n ost	OK_IDENTICAL	ne po sluš n ost	
neobratnost	1	ne o brat n ost	?	FIXME_SD_QUESTIONMARK	ne ob rat n ost	
odkletost	0	od klet ost	od kle t ost	FIXME_DIFFERENT	od kle t ost	
pobitost	0	po bit ost	po bit ost	OK_IDENTICAL	po bit ost	
trávolistost	0	tráv o list ost	tráv o list ost	OK_IDENTICAL	tráv o list ost	
ufouknutost	1	u fouk nut ost	u fouk nu t ost	FIXME_DIFFERENT	u fouk nu t ost	
rozsýpavost	0	roz sýp av ost	roz sýp a v ost	FIXME_DIFFERENT	roz sýp a v ost	
brodivost	0	brod iv ost	brod iv ost	OK_IDENTICAL	brod iv ost	
učenlivost	1	uč enliv ost	uč e nlivý	FIXME_SD_WRONG_LEMMA	uč e nliv ost	nepravidelné
půjčkychtivost	0	půjč ky chtiv ost	půjč k y cht iv ost	FIXME_DIFFERENT	půjč k y cht iv ost	
jedenadvacetisekundovost	1	jeden a dvacet i sekund ov ost	jeden a dv a cet i sekund ov ost	FIXME_DIFFERENT	jeden a dv a cet i sekund ov ost	
prokládkovost	0	pro klád k ov ost	pro klád k ov ost	OK_IDENTICAL	pro klád k ov ost	
trekovost	0	trek ov ost	trek ov ost	OK_IDENTICAL	trek ov ost	
balíkovost	0	bal ík ov ost	bal ík ov ost	OK_IDENTICAL	bal ík ov ost	
půlsnímkovost	0	půl snímk ov ost	půl s ním k ov ost	FIXME_DIFFERENT	půl s ním k ov ost	
bezesrážkovost	0	beze sráž k ov ost	bez s ráž k ov ost	FIXME_SD_WRONG_LEMMA	beze s ráž k ov ost	
šestnáctisvazkovost	0	šest nác ti svaz k ov ost	šest náct i s vaz k ov ost	FIXME_DIFFERENT	šest náct i s vaz k ov ost	
balzámovost	0	balzám ov ost	balzám ov ost	OK_IDENTICAL	balzám ov ost	
jednobránovost	0	jedn o brán ov ost	jedn o brán ov ost	OK_IDENTICAL	jedn o brán ov ost	
třicetimilionovost	1	třicet i milion ov ost	tř i cet i milion ov ost	FIXME_DIFFERENT	tř i cet i milion ov ost	
čtyřicítikilometrovost	1	čtyř i cít i kilo metr ov ost	čtyři cít i kilo metr ov ost	FIXME_DIFFERENT	čtyř i cít i kilo metr ov ost	
kychtovost	0	kycht ov ost	krycht ov ost	FIXME_SD_WRONG_LEMMA	kycht ov ost	
belcantovost	1	belcantov ost	bel cant ov ost	FIXME_DIFFERENT	bel cant ov ost	
holocaust	1	holocaust	?	FIXME_SD_QUESTIONMARK	holocaust	
obtáhnout	0	ob táh nout	ob táh nou t	FIXME_DIFFERENT	ob táh nou t	
šplhnout	0	šplh nout	šplh nou t	FIXME_DIFFERENT	šplh nou t	
zapolítnout	0	za po lít n out	?	FIXME_SD_QUESTIONMARK	za po lít n out	
svézt	0	s véz t	s véz t	OK_IDENTICAL	s véz t	
Alemannů	0	Alemannů	Alemann ů	FIXME_DIFFERENT	Alemann ů	
Šinkarjov	1	Šinkarjov	Šinkarj ov	FIXME_DIFFERENT	Šinkarj ov	
Jakov	0	Jak ov	Jak ov	OK_IDENTICAL	Jak ov	
Novikov	0	Novik ov	?	FIXME_SD_QUESTIONMARK	Novik ov	
Krušanov	0	Kruš an ov	?	FIXME_SD_QUESTIONMARK	Kruš an ov	
Měchnov	0	Měchn ov	?	FIXME_SD_QUESTIONMARK	Měchn ov	
Janišov	0	Janiš ov	Jan iš ov	FIXME_DIFFERENT	Jan iš ov	
Sudoplatov	0	Sudoplatov	Sud o plat ov	FIXME_DIFFERENT	Sud o plat ov	
Rutov	0	Rutov	Rut ov	FIXME_DIFFERENT	Rut ov	
Stanislavov	0	Stani slav ov	Stanislav ov	FIXME_DIFFERENT	Stanislav ov	
Lupačův	0	Lup ač ův	Lap ač ův	FIXME_SD_WRONG_LEMMA	Lup ač ův	
vybíračův	0	vy bír ač ův	vy bír ač ův	OK_IDENTICAL	vy bír ač ův	
knihvazačův	0	knih vaz ač ův	knih vaz ač ův	OK_IDENTICAL	knih vaz ač ův	
Pribiševičův	1	Pribiševič ův	?	FIXME_SD_QUESTIONMARK	Pribišev ič ův	
příjemcův	0	pří jem c ův	pří jem c ův	OK_IDENTICAL	pří jem c ův	
Alfrédův	1	Alfréd ův	Alfréd ův	OK_IDENTICAL	Alfréd ův	
vševědův	0	vše věd ův	vše věd ův	OK_IDENTICAL	vše věd ův	
Hannawaldův	1	Hannawald ův	?	FIXME_SD_QUESTIONMARK	Hannawald ův	
Czendův	1	Czend ův	Czend ův	OK_IDENTICAL	Czend ův	
Hammarbergův	1	Hammarberg ův	Hammar berg ův	FIXME_DIFFERENT	Hammarberg ův	
Krejbichův	0	Krejbich ův	Krejbich ův	OK_IDENTICAL	Krejbich ův	
Galileiův	1	Galilei ův	Galilei ův	OK_IDENTICAL	Galilei ův	
Baranjův	1	Baranj ův	Baranj ův	OK_IDENTICAL	Baranj ův	
Dekojův	1	Dekoj ův	?	FIXME_SD_QUESTIONMARK	Dekoj ův	
Procákův	0	Procák ův	?	FIXME_SD_QUESTIONMARK	Procák ův	
Pistovčákův	0	Pistov čák ův	?	FIXME_SD_QUESTIONMARK	Pistovčák ův	
Anďákův	1	Anďák ův	Anď ák ův	FIXME_DIFFERENT	Anď ák ův	
Stempniakův	1	Stempniak ův	?	FIXME_SD_QUESTIONMARK	Stempniak ův	
Babulakův	0	Babul ak ův	?	FIXME_SD_QUESTIONMARK	Babulak ův	
Hrčkulákův	0	Hrč kul ák ův	?	FIXME_SD_QUESTIONMARK	Hrčkulák ův	
Manákův	0	Manák ův	?	FIXME_SD_QUESTIONMARK	Manák ův	
Marrackův	1	Marrack ův	Marrack ův	OK_IDENTICAL	Marrack ův	
Tilečkův	0	Tilečk ův	Til eč k ův	FIXME_DIFFERENT	Til eč k ův	
úderníčkův	0	úder n íčk ův	ú der n íč k ův	FIXME_DIFFERENT	ú der n íč k ův	
Lávíčkův	0	Lávíčk ův	Láv íč k ův	FIXME_DIFFERENT	Láv íč k ův	
Sierckův	1	Sierck ův	Sierck ův	OK_IDENTICAL	Sierck ův	
Knapčíkův	0	Knapč ík ův	Knap č ík ův	FIXME_DIFFERENT	Knap čík ův	
Nevařilíkův	0	Ne vař il ík ův	Ne vař i l í k	FIXME_SD_WRONG_LEMMA	Ne vař i l ík ův	
Vošmíkův	0	Vošmík ův	Vošm í k	FIXME_SD_WRONG_LEMMA	Vošmík ův	
vinohradníkův	0	vin o hrad ník ův	vin o hrad ník ův	OK_IDENTICAL	vin o hrad ník ův	
záludníkův	0	zálud ník ův	zá lud ník ův	FIXME_DIFFERENT	zá lud n ík ův	
křížovníkův	0	kříž ovník ův	kříž ov ník ův	FIXME_DIFFERENT	kříž ovník ův	
Regentíkův	1	Regentík ův	Regent ík ův	FIXME_DIFFERENT	Regent ík ův	
Juránkův	1	Juránk ův	Jur ánk ův	FIXME_DIFFERENT	Jur ánk ův	
Alexaněnkův	1	Alexaněnk ův	?	FIXME_SD_QUESTIONMARK	Alexaněnk ův	
Beznoskův	0	Bez nos k ův	Bez nos k ův	OK_IDENTICAL	Bez nos k ův	
Franciszkův	1	Franciszk ův	?	FIXME_SD_QUESTIONMARK	Franciszk ův	
Kosmálův	1	Kosmál ův	?	FIXME_SD_QUESTIONMARK	Kosmál ův	
babralův	0	babr al ův	babr a l ův	FIXME_DIFFERENT	babr a l ův	
Krejdlův	0	Krejdl ův	Krejdl ův	OK_IDENTICAL	Krejdl ův	
pohlcovatelův	0	po hlc ovatel ův	po hlc ova tel ův	FIXME_DIFFERENT	po hlc ova tel ův	
postihovatelův	1	po stih ova t el ův	po stih ova tel ův	FIXME_DIFFERENT	po stih ova tel ův	
hýřilův	0	hýř i l ův	hýř i l ův	OK_IDENTICAL	hýř i l ův	
Jurnyklův	0	Jurnykl ův	?	FIXME_SD_QUESTIONMARK	Jurnykl ův	
Brummellův	1	Brummell ův	?	FIXME_SD_QUESTIONMARK	Brummell ův	
Gargulův	1	Gargul ův	Gargul ův	OK_IDENTICAL	Gargul ův	
Suchanův	0	Suchan ův	Such an ův	FIXME_DIFFERENT	Such an ův	
Malsanův	0	Malsan ův	Malsan ův	OK_IDENTICAL	Malsan ův	
Thubtänův	1	Thubtän ův	Thubtän ův	OK_IDENTICAL	Thubtän ův	
Atvánův	0	Atván ův	Atván ův	OK_IDENTICAL	Atván ův	
Kühnenův	1	Kühnen ův	Kühnen ův	OK_IDENTICAL	Kühnen ův	
Šitinův	1	Šitin ův	?	FIXME_SD_QUESTIONMARK	Šitin ův	
Sargonův	1	Sargon ův	Sargon ův	OK_IDENTICAL	Sargon ův	
Manethónův	1	Manethón ův	?	FIXME_SD_QUESTIONMARK	Manethón ův	
Skarynův	0	Skaryn ův	Skaryn ův	OK_IDENTICAL	Skaryn ův	
Blomkampův	1	Blomkamp ův	Blom kamp ův	FIXME_DIFFERENT	Blomkamp ův	
Balgarův	1	Balgar ův	?	FIXME_SD_QUESTIONMARK	Balgar ův	
rejtharův	1	rejthar ův	?	FIXME_SD_QUESTIONMARK	rejthar ův	
gonkařův	1	gonk ař ův	gonk ař ův	OK_IDENTICAL	gonk ař ův	
Večeřův	0	Večeř ův	Večeř ův	OK_IDENTICAL	Večeř ův	
Kolmhoferův	1	Kolmhofer ův	?	FIXME_SD_QUESTIONMARK	Kolmhofer ův	
Ciglerův	1	Cigler ův	Cigler ův	OK_IDENTICAL	Cigler ův	
retailerův	1	retailer ův	?	FIXME_SD_QUESTIONMARK	retailer ův	
Pillerův	1	Piller ův	Piller ův	OK_IDENTICAL	Piller ův	
pasterův	0	paster ův	?	FIXME_SD_QUESTIONMARK	paster ův	
nemotorův	1	ne motor ův	ne motor ův	OK_IDENTICAL	ne motor ův	
Tulsídásův	0	Tulsídás ův	Tulsídás ův	OK_IDENTICAL	Tulsídás ův	
Anacharsisův	1	Anacharsis ův	?	FIXME_SD_QUESTIONMARK	Anacharsis ův	
Watersův	1	Waters ův	?	FIXME_SD_QUESTIONMARK	Waters ův	
tlusťoušův	0	tlusť ouš ův	tlusť oš ův	FIXME_SD_WRONG_LEMMA	tlusť ouš ův	
Waitův	1	Wait ův	Wait ův	OK_IDENTICAL	Wait ův	
Diartův	1	Diart ův	?	FIXME_SD_QUESTIONMARK	Diart ův	
verbalistův	1	verbali st ův	?	FIXME_SD_QUESTIONMARK	verb al ist ův	
exslávistův	1	ex slávi st ův	ex sláv ist ův	FIXME_DIFFERENT	ex sláv ist ův	
Burdettův	1	Burdett ův	Burdett ův	OK_IDENTICAL	Burdett ův	
Uzunogluův	1	Uzunoglu ův	?	FIXME_SD_QUESTIONMARK	Uzunoglu ův	
Michalovův	0	Michal ov ův	Michal ov ův	OK_IDENTICAL	Michal ov ův	
Abušinovův	1	Abušinov ův	?	FIXME_SD_QUESTIONMARK	Abušinov ův	
Palmex	1	Palmex	?	FIXME_SD_QUESTIONMARK	Palmex	
rádoby	0	rádoby	rád o by	FIXME_DIFFERENT	rád o by	
Obruby	0	Ob rub y	Ob rub y	OK_IDENTICAL	Ob rub y	
rodácký	0	rod áck ý	rod ác k ý	FIXME_DIFFERENT	rod ác k ý	
bezvěrecký	0	bez věr e ck ý	bez věr ec k ý	FIXME_DIFFERENT	bez věr ec k ý	
Vorlický	1	V orlic k ý	Vorl ic ký	FIXME_DIFFERENT	Vorl ic k ý	
předtanečnický	1	před taneč nick ý	před taneč nic k ý	FIXME_DIFFERENT	před taneč nic k ý	
kriminalistickotechnický	1	kriminal isti ck o techni ck ý	krimi nal ist ic k o tech ic k ý	FIXME_SD_WRONG_LEMMA	kriminal ist ick o techn ic k ý	
brtnicky	0	brtn i ck y	?	FIXME_SD_QUESTIONMARK	brtn ic k y	
řeznicky	0	řez ni ck y	řez nic k y	FIXME_DIFFERENT	řez nic k y	
aeromagneticky	1	aero magnet i ck y	aero magnet ic k ý	FIXME_SD_WRONG_LEMMA	aero magnet ic k y	
antimykoticky	1	anti mykot i ck y	anti myko t ic k y	FIXME_DIFFERENT	anti myk ot ic k y	
asymptoticky	1	asymptot i ck y	?	FIXME_SD_QUESTIONMARK	a symptot ic k y	
achronisticky	1	achronist i ck y	?	FIXME_SD_QUESTIONMARK	a chron ist ic k y	
visegradský	1	vise grad sk ý	?	FIXME_SD_QUESTIONMARK	visegrad sk ý	
Vísky	0	Vís ky	Vís k y	FIXME_DIFFERENT	Vís k y	
aquilejský	1	aquilej sk ý	?	FIXME_SD_QUESTIONMARK	aquilej sk ý	
ochranitelsky	0	o chran i tel sk y	o chran i tel sk y	OK_IDENTICAL	o chran i tel sk y	
růžodolsky	0	růž o dol sk y	?	FIXME_SD_QUESTIONMARK	růž o dol sk y	
chrudimský	0	chrudim sk ý	chrudim sk ý	OK_IDENTICAL	chrudim sk ý	
valdensky	1	valden sk y	?	FIXME_SD_QUESTIONMARK	valden sk y	
provodínský	1	pro vod ín sk ý	?	FIXME_SD_QUESTIONMARK	pro vod ín sk ý	
šéflékařský	1	šéf lék ař sk ý	šéf lék ař sk ý	OK_IDENTICAL	šéf lék ař sk ý	
pobožnůstkářský	0	po bož n ůstk ář sk ý	po bož n ůst k ář sk ý	FIXME_DIFFERENT	po bož n ůst k ář sk ý	
hamburgrářsky	1	hamburgr ář sk y	ham burgr ář sk y	FIXME_DIFFERENT	ham burgr ář sk y	
tatarský	0	tatar sk ý	tatar sk ý	OK_IDENTICAL	tatar sk ý	
gondoliérský	1	gondol iér sk ý	gondol iér sk ý	OK_IDENTICAL	gondol iér sk ý	
východozairský	1	vý chod o zair sk ý	vý chod o zair sk ý	OK_IDENTICAL	vý chod o zair sk ý	
prétorský	1	prétor sk ý	?	FIXME_SD_QUESTIONMARK	prétor sk ý	
tetřevsky	0	tetřev sk y	tetřev sk y	OK_IDENTICAL	tetřev sk y	
zlechovský	0	z lech ov sk ý	?	FIXME_SD_QUESTIONMARK	zlechov sk ý	
berehovsky	0	berehov sk y	?	FIXME_SD_QUESTIONMARK	bereh ov sk y	
snílkovsky	0	sn ílk ov sk y	sn í l k ovsk y	FIXME_DIFFERENT	sn í l k ovsk y	
zelenkovsky	1	zelen k ov sk y	zelen k ovsk y	FIXME_DIFFERENT	zelen k ovsk y	
protikrálovsky	0	proti král ov sk y	proti král ovsk y	FIXME_DIFFERENT	proti král ovsk y	
spořilovský	0	spoř i l ov sk ý	spoř i l ov sk ý	OK_IDENTICAL	spoř i l ov sk ý	
delonovsky	1	delonov sk y	delon ov sk y	FIXME_DIFFERENT	delon ov sk y	
Vokurovský	0	Vokur ov sk ý	Vokurk ovsk ý	FIXME_SD_WRONG_LEMMA	Vokur ov ský	
tokugawský	1	tokugaw sk ý	?	FIXME_SD_QUESTIONMARK	tokugaw sk ý	
protiabcházský	1	proti abcház sk ý	proti abcház sk ý	OK_IDENTICAL	proti abcház sk ý	
břežský	0	břež sk ý	břež sk ý	OK_IDENTICAL	břež sk ý	
zelenomodrobílý	0	zelen o modr o bíl ý	zelen o modr o bíl ý	OK_IDENTICAL	zelen o modr o bíl ý	
zchlapčilý	0	z chlapč il ý	z chlap č i l ý	FIXME_DIFFERENT	z chlap č i l ý	
zahoustlý	0	za houst l ý	za houst l ý	OK_IDENTICAL	za houst l ý	
zakydaný	0	za kyd a n ý	za kdy a n ý	FIXME_SD_WRONG_LEMMA	za kyd a n ý	
zberchaný	0	z berch a n ý	z berch a n ý	OK_IDENTICAL	z berch a n ý	
procvikaný	0	pro cvik a n ý	pro cvik a n ý	OK_IDENTICAL	pro cvik a n ý	
zasálaný	0	za sál a n ý	za sál a n ý	OK_IDENTICAL	za sál a n ý	
dostoupaný	0	do stoup a n ý	do stoup a n ý	OK_IDENTICAL	do stoup a n ý	
sebeuzavíraný	0	sebe u za vír a n ý	seb e u za vír a n ý	FIXME_DIFFERENT	seb e u za vír a n ý	
zapreludovávaný	0	za prelud ov áv a n ý	za pre lud ová v a ný	FIXME_DIFFERENT	za pre lud ová v a ný	
překomplikovávaný	1	pře komplik ov áv a n ý	pře kompl ik ová v a n ý	FIXME_DIFFERENT	pře komplik ová v a n ý	
zaproximovávaný	1	z aproxim ov áv a n ý	?	FIXME_SD_QUESTIONMARK	z a proxim ová v a n ý	
zkapalňovávaný	0	z kap alň ov áv a n ý	?	FIXME_SD_QUESTIONMARK	z kap a l ň ová v a n ý	
zesnovávaný	0	ze snov áv a n ý	ze snov á v a n ý	FIXME_DIFFERENT	ze snov á v a n ý	
spíjívaný	0	spíjív a n ý	s píj í v a n ý	FIXME_DIFFERENT	s píj í v a n ý	
blouznívaný	0	blouz n ív a n ý	blouzn í v a n ý	FIXME_DIFFERENT	blouzn í v a n ý	
znečitelňovaný	0	z ne čit elň ov a n ý	z ne či telň ova n ý	FIXME_DIFFERENT	z ne či telň ova n ý	
zmultiplicírovaný	1	z multi plic ír ov a n ý	?	FIXME_SD_QUESTIONMARK	z multi plic ír ova n ý	
zakultivovaný	0	za kultiv ov a n ý	za kult iv iva n ý	FIXME_SD_WRONG_LEMMA	za kult iv ova n ý	
ztraumatizovaný	1	z trauma t iz ov a n ý	z traum at iz ova n ý	FIXME_DIFFERENT	z traum at izova n ý	
povylézaný	0	po vy léz a n ý	po vy léz a n ý	OK_IDENTICAL	po vy léz a n ý	
zhoubný	0	z houb n ý	z houb n ý	OK_IDENTICAL	z houb n ý	
přírodovědný	0	pří rod o věd n ý	pří rod o věd n ý	OK_IDENTICAL	pří rod o věd n ý	
průjezdný	0	prů jezd n ý	prů jezd n ý	OK_IDENTICAL	prů jezd n ý	
odkřemičený	0	od křemič e n ý	od křem ič en ý	FIXME_DIFFERENT	od křem ič en ý	
dorachocený	0	do racho ce n ý	do rachoc en ý	FIXME_DIFFERENT	do rach oc en ý	
vínovoměděný	0	víno vo mědě n ý	vín ov o měd ěn ý	FIXME_DIFFERENT	vín ov o měd ěn ý	
vyplněný	0	vy pln ě n ý	vy pln ěn ý	FIXME_DIFFERENT	vy pln ěn ý	
přikuchtěný	0	při kucht ě n ý	při kucht ěn ý	FIXME_DIFFERENT	při kucht ěn ý	
zašmidlatelný	0	za šmidl a teln ý	za šmidl a teln ý	OK_IDENTICAL	za šmidl a teln ý	
pochutnatelný	0	po chut n a teln ý	po chut n a teln ý	OK_IDENTICAL	po chut n a teln ý	
dorovnatelný	0	do rovn a teln ý	do rovn a teln ý	OK_IDENTICAL	do rovn a teln ý	
střepatelný	0	střep a teln ý	s třep a teln ý	FIXME_DIFFERENT	s třep a teln ý	
pozírávatelný	0	po zír áv a teln ý	po zír á v a teln ost	FIXME_SD_WRONG_LEMMA	po zír á v a teln ý	
zadusávatelný	0	za dus áv a teln ý	za dus áva teln ý	FIXME_DIFFERENT	za dus á v a teln ý	
omdlévávatelný	0	omdlév áv a teln ý	o mdl é v aj íc í	FIXME_SD_WRONG_LEMMA	o mdl é v á v a teln ý	
posmívávatelný	0	po smív áv a teln ý	po smí v á v a teln ý	FIXME_DIFFERENT	po sm í v á v a teln ý	
deeskalovávatelný	1	de eskal ov áv a teln ý	?	FIXME_SD_QUESTIONMARK	de eskal ová v a teln ý	
zavzdorovávatelný	0	za vzdor ov áv a teln ý	za vzdor	FIXME_SD_WRONG_LEMMA	za vz dor ová v a teln ý	
rozlévatelný	0	roz lév a teln ý	roz lév a teln ý	OK_IDENTICAL	roz lév a teln ý	
hranívatelný	0	hran í v a teln ý	hran í v a teln ý	OK_IDENTICAL	hran í v a teln ý	
jasnívatelný	0	jasn í v a teln ý	jas n í v a teln ý	FIXME_DIFFERENT	jas n í v a teln ý	
velrybařívatelný	0	vel ryb ař í v a teln ý	vel ryb ař í v a teln ý	OK_IDENTICAL	vel ryb ař í v a teln ý	
lepšívatelný	0	lepš í v a teln ý	lep š í v a teln ý	FIXME_DIFFERENT	lep š í v a teln ý	
žilnatívatelný	0	žil n at í v a teln ý	žil n atí v a teln ý	FIXME_DIFFERENT	žil n atí v a teln ý	
čtvrtívatelný	0	čtvrt í v a teln ý	čtvrt í v a teln ý	OK_IDENTICAL	čtvrt í v a teln ý	
skvívatelný	0	skv í v a teln ý	skv í v a teln ý	OK_IDENTICAL	skv í v a teln ý	
eskalovatelný	0	eskal ov a teln ý	?	FIXME_SD_QUESTIONMARK	eskal ova teln ý	
datumovatelný	0	datum ov a teln ý	dat um ova teln ý	FIXME_DIFFERENT	dat um ova teln ý	
stripovatelný	1	strip ov a teln ý	strip ova teln ě	FIXME_SD_WRONG_LEMMA	strip ova teln ý	
skompresovatelný	1	s kom pres ov a teln ý	s kom přes ova teln ý	FIXME_SD_WRONG_LEMMA	s kom pres ova teln ý	
rozkompresovatelný	1	roz kom pres ov a teln ý	roz kom přes ova teln ý	FIXME_SD_WRONG_LEMMA	roz kom pres ova teln ý	
zpolitisovatelný	0	z politis ov a teln ý	z polit is ova teln ý	FIXME_DIFFERENT	z polit isova teln ý	
temporalizovatelný	1	temporal iz ov a teln ý	?	FIXME_SD_QUESTIONMARK	tempor al izova teln ý	
sesynchronizovatelný	1	se syn chr on iz ov a teln ý	se syn chron iz ova teln ý	FIXME_DIFFERENT	se syn chron izova teln ý	
prohloubitelný	0	pro hloub i teln ý	pro hloub i teln ý	OK_IDENTICAL	pro hloub i teln ý	
přičouditelný	0	při čoud i teln ý	při čoud i teln ý	OK_IDENTICAL	při čoud i teln ý	
vytrolitelný	0	vy trol i teln ý	vy trol i teln ý	OK_IDENTICAL	vy trol i teln ý	
odkřesťanitelný	0	od křesť an i teln ý	od křesť an i teln ý	OK_IDENTICAL	od křesť an i teln ý	
zešimlovatitelný	0	ze šiml ov at i teln ý	ze šiml ova t i teln ý	FIXME_DIFFERENT	ze šiml ova t i teln ý	
jevitelný	0	jev i teln ý	jev i teln ý	OK_IDENTICAL	jev i teln ý	
úžitelný	0	ú žit eln ý	u ži t eč n ý	FIXME_SD_WRONG_LEMMA	úž i teln ý	
vobléknutelný	0	v oblék nu teln ý	?	FIXME_SD_QUESTIONMARK	v ob lék nu teln ý	
ztlápnutelný	0	z tláp nu teln ý	z tláp nu teln ý	OK_IDENTICAL	z tláp nu teln ý	
vstoupnutelný	0	v stoup nu teln ý	v stoup nu teln ý	OK_IDENTICAL	v stoup nu teln ý	
červenosemenný	0	červ en o semen n ý	červen o sem en n ý	FIXME_DIFFERENT	červen o semen n ý	??? červ samostatný morfém, protože barvivo z červů
bezpředmětný	0	bez předmět n ý	bez před mět n ý	FIXME_DIFFERENT	bez před mět n ý	
nenasytný	1	ne na syt n ý	ne na syt n ý	OK_IDENTICAL	ne na syt n ý	
tmavobarevný	0	tmav o barev n ý	tmav o barev n ý	OK_IDENTICAL	tmav o barev n ý	
Plandry	1	Plandry	Plandr y	FIXME_DIFFERENT	Plandr y	
zelenošedomodrý	0	zelen o šed o modr ý	zelen o šed o modr ý	OK_IDENTICAL	zelen o šed o modr ý	
louhovatý	0	louh o va t ý	louh ovat ý	FIXME_DIFFERENT	louh ovat ý	
černosrstý	0	čern o srst ý	čern o srst ý	OK_IDENTICAL	čern o srst ý	
podtrhnutý	0	pod trh nu t ý	pod trh nu t ý	OK_IDENTICAL	pod trh nu t ý	
vytuhnutý	0	vy tuh nu t ý	vy tuh nu t ý	OK_IDENTICAL	vy tuh nu t ý	
Halévy	0	Halévy	Halév y	FIXME_DIFFERENT	Halév y	
oděvuchtivý	0	oděv u chti v ý	o děv u ch iv ý	FIXME_SD_WRONG_LEMMA	o děv u cht iv ý	
zpěvuchtivý	0	z pěv u chti v ý	zpěv u ch iv ý	FIXME_SD_WRONG_LEMMA	z pěv u cht iv ý	
půlmiliardový	1	půl miliard ov ý	půl miliard ov ý	OK_IDENTICAL	půl miliard ov ý	
reliéfový	1	reliéf ov ý	reliéf ov ý	OK_IDENTICAL	reliéf ov ý	
předtuchový	0	před tuch ov ý	před tuch ov ý	OK_IDENTICAL	před tuch ov ý	
paládiový	1	paládi ov ý	?	FIXME_SD_QUESTIONMARK	paládi ov ý	
jednotrubkový	0	jedn o trub k ov ý	jedn o trub k ov ý	OK_IDENTICAL	jedn o trub k ov ý	
superšpičkový	1	super špič k ov ý	super špič k ov ý	OK_IDENTICAL	super špič k ov ý	
celohliníkový	0	cel o hlin ík ov ý	cel o hlin ík ov ý	OK_IDENTICAL	cel o hlin ík ov ý	
dvourámkový	0	dvou rám k ov ý	dv ou rám k ov ý	FIXME_DIFFERENT	dv ou rám k ov ý	
strunkový	1	strun k ov ý	strun k ov ý	OK_IDENTICAL	strun k ov ý	
kyslíkoniklový	0	kys l ík o nikl ov ý	kysl ík o nikl ov ý	FIXME_DIFFERENT	kysl ík o nikl ov ý	
vrásnozlomový	0	vrás n o zlom ov ý	vrásn o z lom ov ý	FIXME_DIFFERENT	vrás n o z lom ov ý	
zahumnový	0	za humn ov ý	za humn ov ý	OK_IDENTICAL	za humn ov ý	
bezfreonový	1	bez freon ov ý	bez freon ov ý	OK_IDENTICAL	bez freon ov ý	
čtyřistatunový	0	čtyř i sta tun ov ý	čtyř i st a tun ov ý	FIXME_DIFFERENT	čtyř i st a tun ov ý	
padesátilibrový	0	pa desát i libr ov ý	pa desát i libr ov ý	OK_IDENTICAL	pa desát i libr ov ý	
trojkomorový	0	troj komor ov ý	tr oj komor ov ý	FIXME_DIFFERENT	tr oj komor ov ý	
eternitový	0	eternit ov ý	?	FIXME_SD_QUESTIONMARK	eternit ov ý	
skorokonkurz	1	skoro konkurz	skoro konkurz	OK_IDENTICAL	skoro konkurz	
